day,spacecraft_x_km,spacecraft_y_km,spacecraft_vx_km_s,spacecraft_vy_km_s,earth_x_km,earth_y_km,moon_x_km,moon_y_km,mars_x_km,mars_y_km,distance_to_mars_km
0.0,150050349.09292135,-41745.226545275735,0.29663283344161134,32.99990848928984,149597870.7,0.0,149980645.11513856,-35314.40379402287,160898293.58857656,161455932.12057656,161861600.413118
0.5,150055176.3043703,1383637.040926016,-0.06545317751472057,32.9835808685266,149592337.2545797,1286682.8226109068,149976635.7018992,1295518.1713762465,160158259.01525998,162190045.82846904,161123472.49053898
1.0,150045219.60249132,2807822.2925999593,-0.390995297243286,32.94960671240775,149575737.3276698,2573270.4595197868,149956484.34472978,2626138.871638171,159414875.0139094,162920767.61708328,160386862.6259947
1.5,150021729.3857043,4230417.86455059,-0.6931871667042321,32.911065819453846,149548072.14729303,3859667.732066223,149920239.175696,3955870.969900038,158668157.1310925,163648082.20465934,159651972.7921074
2.0,149985568.15115374,5651347.958150745,-0.9786922080789001,32.8730605500714,149509343.7600529,5145779.475672495,149868015.55804485,5284046.974836992,157918120.98309922,164371974.38069314,158918729.69035423
2.5,149937326.56904554,7070684.421027018,-1.253285961144749,32.837363564004164,149459555.03098235,6431510.54688363,149799994.58947086,6610016.196699352,157164782.2556152,165092429.00625414,158186939.65514374
3.0,149877382.73757797,8488527.131496398,-1.5209880859405378,32.80380068572074,149398709.64333192,7716765.83040588,149716420.74797,7933152.091498486,156408156.70339367,165809431.01430222,157456399.7019353
3.5,149805976.21142197,9904952.613836054,-1.784281758601744,32.77161442579969,149326812.0982971,9001450.246143127,149617598.7113704,9252859.286667412,155648260.14992604,166522965.41000265,156726941.56984723
4.0,149723262.62170076,11320003.131720638,-2.04465155435958,32.74002427662695,149243867.7146854,10285468.756230682,149503889.39254102,10568580.195500024,154885108.487111,167233017.27103966,155998437.911236
4.5,149629347.43587774,12733689.887907263,-2.302988021052404,32.70838192853259,149149882.628523,11568726.37206596,149375705.24263686,11879801.133103842,154118717.67492205,167939571.74792865,155270796.3819666
5.0,149524305.82672578,14145999.28814365,-2.559833808481196,32.67618516972909,149044863.79260054,12851128.161335483,149233504.8844066,13186057.853184715,153349103.7410738,168642614.06432655,154543951.8596113
5.5,149408194.35912693,15556898.784975095,-2.8155252508851345,32.643053903980615,148928818.9759591,14132579.255037794,149077787.1464343,14486940.432631029,152576282.7806868,169342129.51734105,153817859.7421439
6.0,149281057.99111933,16966341.532204572,-3.0702734648673693,32.60870180478608,148801756.7633152,15412984.854501585,148909084.57709953,15782097.439478412,151800270.95595095,170038103.47783783,153092490.7991989
6.5,149142934.37443933,18374269.900611177,-3.324211536713676,32.57291250538889,148663686.5544259,16692250.238398707,148727956.52390915,17071239.329300568,151021084.49578732,170730521.39074683,152367827.3652407
7.0,148993856.56751746,19780618.08972925,-3.577422626516774,32.53552149552174,148514618.56339332,17970280.769751422,148534981.8695953,18354141.02526184,150238739.69550914,171419368.77536637,151643860.55328178
7.5,148833854.79183853,21185314.06599397,-3.8299571418680713,32.496402840621904,148354563.81790912,19246981.90293341,148330751.52090427,19630643.64784858,149453252.9164805,172104631.22566608,150920588.21108043
8.0,148662957.59675008,22588281.009899717,-4.081843505028048,32.455459544546194,148183534.15843853,20522259.19066403,148115860.7492687,20900655.371526543,148664640.5857746,172786294.41058818,150198013.41011754
8.5,148481192.64910817,23989438.40702963,-4.333095071680789,32.41261655342877,148001542.23734465,21796018.290995307,147890901.48450893,22164151.39710225,147872919.19583005,173464344.0743472,149476143.31674284
9.0,148288587.2792168,25388702.879913483,-4.5837146808800515,32.36781564684612,147808601.51795226,23068164.974291127,147656454.66333005,23421173.040245097,147078105.30410585,174138766.03672817,148754988.3391089
9.5,148085168.86485878,26785988.8298858,-4.833697712438568,32.32101167498966,147604726.273552,24338605.13019809,147413082.73365656,24671825.948299747,146280215.53273535,174809546.19338298,148034561.47493288
10.0,147870965.10549346,28181208.938356698,-5.083034182920725,32.27216975983429,147389931.58634427,25607244.774607614,147161322.41378713,25916277.46903126,145479266.56817845,175476670.51612553,147314877.80703405
10.5,147646004.22049046,29574274.563000545,-5.331710209489932,32.221263191786505,147164233.3463237,26873990.05660862,146901677.8019865,27154753.206145376,144675275.16087267,176140125.05322513,146595954.10879704
11.0,147410315.09387115,30965096.05458347,-5.579709050064086,32.16827183256046,146927648.2501035,28138747.265430406,146634613.92750144,28387532.807166964,143868258.1248829,176799895.92969805,145877808.53229967
11.5,147163927.38074714,32353583.013235707,-5.827011854398123,32.11318089006361,146680193.79968038,29401422.837375145,146360550.8281583,29614945.039397612,143058232.3375498,177455969.34759793,145160460.3592667
12.0,146906871.5859004,33739644.49805285,-6.073598214657011,32.055979969331766,146421888.30113962,30661923.362739492,146079858.23274288,30837362.219075598,142245214.73913658,178108331.58630428,144443929.80025995
12.5,146639179.121804,35123189.20037585,-6.31944657475976,31.99666233028703,146152750.86330107,31920155.592724837,145792850.91837698,32055194.06740385,141429222.3324751,178756969.0028093,143728237.83126476
13.0,146360882.35125706,36504125.588539205,-6.564534538818757,31.93522430191092,145872801.39630538,33176026.4463356,145499784.8041879,33268881.074680433,140610272.18260998,179401868.03200334,143013406.0595382
13.5,146072014.61835697,37882362.0300039,-6.8088391065190885,31.871664815780356,145582060.61014113,34429443.01726515,145200853.8328448,34478887.46026279,139788381.41644186,180043015.18695852,142299456.61255407
14.0,145772610.27051848,39257806.89540832,-7.052336854935981,31.805985031481033,145280550.01311272,35680312.58076878,144896187.6811278,35685693.82143444,138963567.22236922,180680397.05921078,141586412.04533145
14.5,145462704.67353824,40630368.64804172,-7.295004080623231,31.738188033323727,144968291.9102493,36928542.60052328,144585850.32974648,36889789.568351544,138135846.8499289,181314000.31904042,140874295.26250917
15.0,145142334.2211953,41999955.92146845,-7.5368169119065564,31.66827858283013,144645309.40165463,38174040.73547254,144269839.51127565,38091665.245071605,137305237.60943526,181943811.71575066,140163129.4523382
15.5,144811536.34050947,43366477.58744613,-7.7777513985976645,31.59626291516252,144311626.38079828,39416714.846658714,143948087.0434775,39291804.838171095,136471756.8716183,182569818.0779449,139452938.03037453
16.0,144470349.49351475,44729842.81583117,-8.017783584426336,31.522148570422885,143967267.5327479,40656473.00403846,143620460.04358575,40490678.17462255,135635422.0672604,183192006.31380212,138743744.59112027
16.5,144118813.17620376,46089961.127820365,-8.256889566118693,31.44594425280535,143612258.33234328,41893223.49328367,143286763.00749144,41688733.50942237,134796250.68683165,183810363.4113508,138035572.8662206
17.0,143756967.91515338,47446742.44360876,-8.495045542061733,31.3676597121383,143246625.0423116,43126874.82256629,142946740.7263461,42886390.40095462,133954260.28012407,184424876.4387407,137328446.6880995
17.5,143384855.26223367,48800097.12533486,-8.732227852774317,31.287305643532125,142870394.7113247,44357335.72932672,142600082.00203818,44084032.96827557,133109468.45588475,185035532.5445138,136622389.9581374
18.0,143002517.78771234,50149936.016019486,-8.96841301487491,31.20489360175155,142483595.17199793,45584515.18702506,142246424.1124461,45282003.61945935,132261892.8814475,185642318.9578726,135917426.61866006
18.5,142609999.07200953,51496170.475074194,-9.203577749843262,31.120435927627657,142086255.03883144,46808322.41187521,141885357.96746927,46480597.33392404,131411551.28236327,186245222.98894757,135213580.6281456
19.0,142207343.69630396,52838712.41085123,-9.437699008578697,31.033945684365143,141678403.70609304,48028666.869560696,141516433.88771307,47680056.57433986,130558461.44202968,186844232.02906224,134510875.9391622
19.5,141794597.23215428,54177474.3106242,-9.670753992535621,30.945436602022202,141260071.34564382,49245458.281932265,141139167.92948127,48880566.89540714,129702641.20131886,187439333.55099708,133809336.4786352
20.0,141371806.23026967,55512369.26832116,-9.902720172047818,30.854923028772127,140831288.90470618,50458606.63368638,140753048.67251217,50082253.30758679,128844108.4582045,188030515.10925144,133108986.13011172
20.5,140939018.20854187,56843311.010277815,-10.133575302323926,30.762419887817806,140392088.10357425,51668022.1790244,140357544.3807827,51285177.44389578,127982881.1673875,188617764.34030378,132409848.71774593
21.0,140496281.63942787,58170213.91923501,-10.36329743749668,30.667942639038827,139942501.4332675,52873615.448291734,139952110.44177783,52489335.56727342,127118977.3399205,189201068.96287024,131711947.99177395
21.5,140043645.93676355,59492993.05676747,-10.591864943031165,30.57150724461719,139482562.153127,54075297.254596554,139536196.98594254,53694657.444922306,126252415.04283121,189780416.77816153,131015307.61528528
22.0,139581161.4420717,60811564.184302084,-10.819256506736872,30.473130138021567,139012304.28835496,55272978.700407684,139109256.5856544,54901006.104577884,125383212.39874443,190355795.67013803,130319951.152127
22.5,139108879.41042,62125843.78285985,-11.045451148581275,30.372828195838007,138531762.62749773,56466571.184131,138670751.93200397,56108178.476012,124511387.58550334,190927193.60576314,129625902.05580217
23.0,138626851.99587947,63435749.07163412,-11.270428229464692,30.270618712022113,138040972.71987218,57655986.40666394,138220163.3879609,57315906.909384385,123636958.83578905,191494598.63525498,128933183.65924656
23.5,138135132.23662317,64741198.025502786,-11.494167459087144,30.16651937421955,137539970.8729358,58841136.377927706,137756996.3181378,58523861.550475426,122759944.43673949,192057998.89233622,128241819.16538228
24.0,137633774.03970227,66042109.39155646,-11.716648903013802,30.060548241859532,137028794.1496008,60021933.42337653,137280788.0983117,59731653.54151578,121880362.72956681,192617382.5944824,127551831.63836434
24.5,137122832.16553333,67338402.70471431,-11.937852989027018,29.952723725773932,136507480.3654923,61198290.19048364,136791114.71209306,60938839.00542494,120998232.10917398,193172738.04316816,126863243.99544573
25.0,136602362.21212515,68629998.30248845,-12.15776051283768,29.843064569134015,135976068.08615085,62370119.65520335,136287596.84758314,62144923.76092357,120113571.02377,193724053.62411183,126176078.99939889
25.5,136072420.59907088,69916817.33895002,-12.376352643216391,29.73158982952924,135434596.62417933,63537335.12840896,135769905.41346395,63349368.70633179,119226397.97448398,194271317.80751878,125490359.25143956
26.0,135533064.55133125,71198781.7979432,-12.593610926595298,29.618318862039793,134883106.03633478,64699850.26230575,135237766.40163213,64551595.80103341,118336731.51497842,194814519.148322,124806107.18460453
26.5,134984352.08282864,72475814.50558683,-12.809517291183353,29.503271303176888,134321637.12056512,65857579.0568188,134690965.03211722,65750994.56569291,117444590.25106116,195353646.2864217,124123345.05754457
27.0,134426341.9798736,73747839.14209929,-13.024054050631594,29.386467055583616,133750231.41299096,67010435.865955085,134129349.12550277,66946929.01545993,116549992.84029606,195888687.9469229,123442094.9486959
27.5,133859093.7844423,75014780.25297728,-13.237203907279811,29.26792627340525,133168931.1848329,68158335.40413931,133552831.65827134,68138744.93467744,115652957.99161309,196419632.94037127,122762378.7507996
28.0,133282667.77732214,76276563.25955522,-13.448949955012063,29.147669348251014,132577779.43928438,69301192.75252324,132961392.46728405,69325777.39709927,114753504.46491697,196946470.16298687,122084218.16574264
28.5,132697124.96114182,77533114.46897015,-13.659275681745122,29.02571689568106,131976819.90833038,70438923.36526763,132355079.08084232,70507358.43237934,113851651.07069466,197469188.5968968,121407634.69969688
29.0,132102527.04330185,78784361.0835532,-13.868164971571442,28.902089742162193,131366097.0495123,71571443.07579687,131734006.6653146,71682824.73766364,112947416.66962224,197987777.31036514,120732649.65853447
29.5,131498936.41881926,80030231.20966643,-14.075602106576078,28.776808912444395,130745656.04263905,72698668.10302538,131098357.08798987,72851525.33251892,112040820.17217036,198502225.45802197,120059284.14350341
30.0,130886416.15310065,81270653.86600299,-14.281571768345266,28.649895617317934,130115542.78644478,73820515.05755547,130448377.10849212,74012829.05618086,111131880.53820872,199012522.2810899,119387559.04714559
30.5,130265029.96465649,82505558.99136591,-14.486059039182761,28.521371241717162,129475803.89519338,74936900.94784638,129784375.72259796,75166131.80818635,110220616.77660966,199518657.10760924,118717495.04944389
31.0,129634842.20776884,83734877.45193996,-14.689049403048788,28.391257333143415,128826486.69523013,76047743.18635374,129106720.69349319,76310863.43684295,109307047.94485041,200020619.35266116,118049112.61418566
31.5,128995917.85512426,84958541.04806995,-14.890528746234779,28.259575590384124,128167639.22148046,77152959.59563923,128415834.31623478,77446494.18464006,108391193.14861481,200518398.51858902,117382431.98553063
32.0,128348322.48042317,86176482.52055743,-15.09048335778599,28.12634785251004,127499310.21389666,78252468.4144498,127712188.47131214,78572540.60555635,107473071.54139365,201011984.19521776,116717473.1847737
32.5,127692122.24097599,87388635.55648811,-15.288899929682513,27.99159608813572,126821549.11385201,79346188.30376628,126996299.03258781,79688570.87619343,106552702.32408394,201501366.06007203,116054256.00729284
33.0,127027383.86029683,88594934.79460098,-15.485765556787669,27.85534238493194,126134406.06048337,80434038.35282058,126268719.70342654,80794209.43067016,105630104.74458762,201986533.87859163,115392800.01967208
33.5,126354174.61070402,89795315.83020905,-15.681067736571663,27.71760893938065,125437931.88698193,81515938.08508122,125530035.36237009,81889140.85814357,104705298.09740888,202467477.50434572,114733124.55699398
34.0,125672562.29593718,90989715.219683,-15.874794368616946,27.578418046764742,124732178.11683273,82591807.46420695,124780855.00619414,82973113.01155986,103778301.7232506,202944186.8792451,114075248.7202916
34.5,124982615.23380093,92178070.48450759,-16.06693375391056,27.437792091386015,124017196.96000302,83661566.89996748,124021804.38349938,84045939.28665613,102849135.00861004,203416652.0337524,113419191.37415372
35.0,124284402.23884296,93360320.11491954,-16.257474593928293,27.295753537005357,123293041.30907999,84725137.25413142,123253518.4160754,85107500.04119176,101917817.38537325,203884863.08709067,112764971.14447714
35.5,123577992.60507645,94536403.57313783,-16.44640598951447,27.152324917498945,122559764.73535782,85782439.84632085,122476633.50807826,86157743.13574289,100984368.33040878,204348810.24745,112112606.41635877
36.0,122863456.08875509,95706261.29619464,-16.633717439561387,27.00752882772501,121817421.48487464,86833396.45983173,121691779.84454419,87196683.58899415,100048807.36516038,204808483.8121923,111462115.33212209
36.5,122140862.89120956,96869834.69837618,-16.819398839492194,26.861387914594758,121066066.4743995,87877929.34742029,120899573.78090085,88224402.3521574,99111154.05523846,205263874.16805422,110813515.78947276
37.0,121410283.64175369,98027066.17328201,-17.00344047955129,26.71392486834162,120305755.28736986,88915961.23705457,120100610.42393649,89241044.21877909,98171428.01001137,205714971.79134813,110166825.43977782
37.5,120671789.38066843,99177899.09551157,-17.185833042906875,26.56516241398284,119536544.16977951,89947415.33763085,119295456.50215691,90246814.89761767,97229648.88219506,206161767.24816138,109522061.68646444
38.0,119925451.54227182,100322277.82198554,-17.366567603570637,26.415123302967572,118758490.02601774,90972215.34465434,118484643.61963844,91241977.28732444,96285836.36744188,206604251.19455358,108879241.68353356
38.5,119171341.93808267,101460147.69291104,-17.545635624139933,26.263830305006184,117971650.41465966,91990285.44588412,117668661.98241891,92226847.0022036,95340010.20392911,207042414.37675202,108238382.33418398
39.0,118409532.74008556,102591455.03239657,-17.723028953368647,26.111306200075834,117176083.5442082,93001550.32694162,116847954.6802276,93201787.20821677,94392190.17194588,207476247.63134503,107599500.28954506
39.5,117640096.46410443,103716147.14872657,-17.898739823572754,25.957573770598025,116371848.26878783,94005935.176882,116022912.59901978,94167202.83750719,93442396.09347947,207905741.8854739,106962611.94751273
40.0,116863105.95329127,104834172.3343007,-18.072760847877184,25.80265579378476,115559004.08379085,95003365.69372855,115193870.0314502,95123534.25792605,92490647.83180101,208330888.1570224,106327733.45168704
40.5,116078634.36173786,105945479.8652466,-18.24508501731077,25.646575034150107,114737611.12147604,95993768.08996953,114361101.04320075,96071250.48124094,91536965.29104987,208751677.55480465,105694880.69040835
41.0,115286755.13821548,107050020.0007124,-18.415705697755687,25.489354236185136,113907730.14652006,96977069.09801656,113524816.64309497,97010841.99979778,90581368.41581744,209168101.27875128,105064069.29588915
41.5,114487542.01004936,108147743.98184666,-18.584616626758137,25.331016117194398,113069422.55152243,97953195.97562495,112685162.79431564,97942813.34631553,89623877.19073014,209580150.62009314,104435314.6434387
42.0,113681068.96713464,109238604.03047183,-18.751811910206804,25.171583360292814,112222750.35246372,98922076.51127486,111842219.29293208,98867675.47514752,88664511.6400312,209987816.96154368,103808631.85077967
42.5,112867410.24609765,110322553.34745893,-18.917286018885182,25.01107860756215,111367776.18411784,99883639.02951351,110995999.52848932,99785938.06570213,87703291.82716224,210391091.77747905,103184035.7774526
43.0,112046640.31460899,111399546.11081007,-19.081033784904243,24.849524453366584,110504563.29541835,100837812.39625736,110146451.12976031,100698101.84974168,86740237.8543435,210789966.63411644,102561541.02430703
43.5,111218833.85585359,112469537.47345552,-19.243050398020948,24.68694343782704,109633175.54477966,101784526.02405459,109293457.48707248,101604651.0639638,85775369.86215329,211184433.1896904,101941161.93307713
44.0,110384065.75316171,113532483.56077202,-19.403331401848604,24.52335804045433,108753677.39537266,102723709.87730692,108436840.13104086,102506046.12761319,84808708.02910712,211574483.19462737,101322912.58603975
44.5,109542411.07480617,114588341.46783014,-19.561872689964645,24.35879067394085,107866133.9103562,103655294.4774507,107576361.93623048,103402716.64190038,83840272.57123546,211960108.4917182,100706806.80575205
45.0,108693945.05896957,115637069.25637619,-19.718670501920883,24.19326367811088,106970610.74806361,104579210.90809672,106711731.10737364,104295054.80375223,82870083.74166095,212341301.01628864,100092858.15486762
45.5,107838743.09888628,116678625.95155667,-19.873721419161775,24.026799314029493,106067174.1571456,105495390.82012853,105842605.89543292,105183409.32094733,81898161.83017503,212718052.79636815,99481079.93602858
46.0,106976880.72816207,117712971.53839141,-20.027022360855515,23.859419758269766,105155890.97166932,106403766.43675877,104968599.98116064,106068079.90906623,80924527.16281341,213090355.95285648,98871485.19183162
46.5,106108433.60627624,118740066.9580025,-20.178570579643104,23.69114709733848,104236828.60617405,107304270.55854304,104089288.45498917,106949312.44300215,79949200.10143113,213458202.69968855,98264086.70486628
47.0,105233477.50426885,119759874.103606,-20.32836365730992,23.522003322259597,103310055.05068423,108196836.56835124,103204214.31421037,107827294.82713291,78972201.04327668,213821585.34399724,97658896.99782301
47.5,104352088.29061648,120772355.81627284,-20.476399500384858,23.352010323315426,102375638.86567949,109081398.43629569,102312895.39156967,108702153.63876165,77993550.4205653,214180496.28627425,97055928.33366975
48.0,103464341.91729937,121777475.88046592,-20.62267633567127,23.181189884944903,101433649.17702286,109957890.72461587,101414831.62370247,109573951.58922195,77013268.70005193,214534928.0205291,96455192.71589422
48.5,102570314.40606341,122775199.01936044,-20.767192705714592,23.00956368079838,100484155.67084695,110826248.59251942,100509512.56335106,110442685.83624278,76031376.38260306,214884873.134446,95856701.88881074
49.0,101670081.83487906,123765490.88995373,-20.90994746421092,22.837153268948086,99527228.58839877,111686407.80097876,99596425.03608078,111308287.1699254,75047894.0027678,215230324.309539,95260467.33792928
49.5,100763720.32459985,124748318.07797171,-21.0509397713608,22.6639800872536,98562938.72084345,112538304.71748352,98675060.84030445,112170620.08314647,74062842.1283488,215571274.3213049,94666500.29038492
50.0,99851306.02582258,125723648.09257825,-21.19016908917286,22.49006544888127,97591357.40402721,113381876.32074776,97744924.3888522,113029483.72551943,73076241.35997191,215907716.0393744,94074811.7154259
50.5,98932915.1059514,126691449.3608945,-21.32763517672113,22.315430537976432,96612556.51320016,114217060.2053722,96805540.19109489,113884613.72837745,72088112.33065523,216239642.42766133,93485412.32495846
51.0,98008623.73646809,127651691.22233446,-21.463338085360405,22.140096405487363,95626608.4576992,115043794.58646089,95856460.076735,114735684.87673622,71098475.70537788,216567046.5445096,92898312.57414661
51.5,97078508.08040927,128604343.92276318,-21.597278153903737,21.96408396513955,94633586.17559125,115862018.30419172,94897270.06578968,115582314.59300822,70107352.18064766,216889921.5428385,92313522.66206501
52.0,96142644.28005308,129549378.60848469,-21.729456003766117,21.787413989558996,93633563.1282775,116671670.82834113,93927596.79396312,116424067.18651922,69114762.48406821,217208260.67028582,91731052.53240307
52.5,95201108.44481634,130486767.32006522,-21.85987253407806,21.610107106542902,92626613.29505894,117472692.26276176,92947113.40847741,117260458.81276214,68120727.37390575,217522057.26934916,91150911.8742191
53.0,94253976.63936304,131416482.9859989,-21.988528916773284,21.432183795476302,91612811.1676635,118265023.34981355,91955544.85642315,118090963.07695037,67125267.63865447,217831304.77752504,90573110.12274198
53.5,93301324.87192583,132338499.41622144,-22.11542659165425,21.253664383892865,90592231.74473538,119048605.47474746,90952672.49571463,118915017.2079217,66128404.09660234,218135996.72744632,89997656.46021926
54.0,92343229.08284126,133252791.29547821,-22.24056726143921,21.074569044178208,89564950.52628684,119823380.6700416,89938337.96767995,119732028.72091126,65130157.59539543,218436126.7470172,89424559.81681015
54.5,91379765.1332987,134159334.1765535,-22.363952886794774,20.894917790413977,88531043.50811285,120589291.61968963,88912446.28006718,120541382.48125492,64130549.01160184,218731688.5595467,88853828.87152097
55.0,90411008.7943046,135058104.47336626,-22.485585681357332,20.71473047536086,87490587.17616904,121346281.66344069,87874968.05967616,121342448.0757878,63129599.250275396,219022675.9838799,88285472.05318215
55.5,89437035.73586205,135949079.45393765,-22.605468106747242,20.53402678757862,86443658.50091362,122094294.80099118,86825940.94479126,122134587.3946399,62127329.24451823,219309082.93452698,87719497.54146573
56.0,88457921.51636548,136832237.23323843,-22.7236028675792,20.3528262486816,85390334.93161315,122833275.6961274,85765470.0989506,122917162.32334954,61123759.95504296,219590903.42179087,87155913.26794031
56.5,87473741.57221098,137707556.76591998,-22.839992906472126,20.171148210727587,84330694.39061312,123563169.68081924,84693727.83919182,123689542.44375911,60118912.369734585,219868131.55189222,86594726.91716276
57.0,86484571.2076225,138575017.83893505,-22.954641399062243,19.98901185373845,83264815.26757336,124283922.7592644,83610952.38360876,124451112.64204052,59112807.503211394,220140761.52709264,86035945.92780587
57.5,85490485.58469297,139434601.06405488,-23.067551749022165,19.806436183350794,82192776.41366899,124995481.61188279,82517445.7346846,125201280.52342331,58105466.39638532,220408787.6458163,85479577.49381948
58.0,84491559.71364051,140286287.87028742,-23.17872758308953,19.623440028594736,81114657.1357573,125697793.59926113,81413570.72628035,125939483.5357513,57096910.11602239,220672204.30276865,84925628.56562284
58.5,83487868.44327945,141130060.49620202,-23.28817274610782,19.440042039799298,80030537.19051057,126390806.76604694,80299747.27320229,126665195.70783782,56087159.75430156,220931005.9890541,84374105.85132964
59.0,82479486.45170458,141965901.9821666,-23.395891296082493,19.256260686622614,78940496.77851623,127074469.84479213,79176447.87280461,127377933.91367693,55076236.42837405,221185187.292291,83825015.81800063
59.5,81466488.2371894,142793796.16250238,-23.501887499254813,19.072114256205186,77844616.5383434,127748732.25974569,78044192.41795896,128077263.57982898,54064161.27992158,221434742.89672482,83278364.692925
60.0,80448948.10929632,143613727.65756136,-23.606165825196026,18.887620851444517,76742977.54057784,128413544.13059504,76903542.38982038,128762803.76065229,53050955.47471404,221679667.5833395,82734158.46492806
60.5,79426940.1801981,144425681.86573207,-23.70873094192431,18.702798389389315,75635661.28182419,129068856.27615625,75755094.50700596,129434231.51440138,52036640.2021672,221919956.2299664,82192402.88570316
61.0,78400538.35621022,145229644.95537797,-23.8095877110464,18.51766459975133,74522749.67867732,129714620.21801211,74599473.91498515,130091285.52244428,51021236.674899355,222155603.8113914,81653103.47116823
61.5,77369816.32953234,146025603.856715,-23.908741182926345,18.332237023532944,73404325.06166215,130350788.18409866,73437327.00554937,130733768.90384793,50004766.128287606,222386605.3994603,81116265.50284347
62.0,76334847.57019748,146813546.2536312,-24.006196591882915,18.14653301176825,72280470.1691432,130977313.11223908,72269313.96111614,131361551.1882056,48987249.820024006,222612956.16318148,80581894.02925028
62.5,75295705.31822895,147593460.57545507,-24.10195935141783,17.9605697243757,71151268.14120361,131594148.6536254,71096101.12225524,131974569.42069831,47968709.029670894,222834651.36882722,80049993.86732954
63.0,74252462.57600161,148365335.98867676,-24.1960350494764,17.77436412911979,70016802.51349486,132201249.1762471,69918353.27915964,132572828.38484038,46949165.058215655,223051686.3800326,79520569.60387744
63.5,73205192.10080795,149129162.38862628,-24.28842944374223,17.587933000679474,68877157.21105678,132798569.76826702,68736725.98878723,133156399.94001317,45928639.22762576,223264056.6578924,78993625.59699847
64.0,72153966.39762619,149884930.39111406,-24.379148456967847,17.40129291982089,67732416.54210918,133386066.2413437,67551858.01906075,133725421.48258004,44907152.88040222,223471757.76105618,78469165.97757392
64.5,71098857.71208975,150632631.32403797,-24.468198172342564,17.214460272671626,66582665.19181472,133963695.13390043,66364364.019834,134280093.5509506,43884727.37913374,223674785.34582102,77947194.65074413
65.0,70039938.02365533,151372257.21896076,-24.55558482889947,17.027451250094238,65427988.21601437,134531413.71434033,65174827.51733833,134820676.60626712,42861384.106049776,223873135.16622236,77427715.29740442
65.5,68977279.03896958,152103800.80266315,-24.641314816962836,16.84028184715617,64268471.034934886,135089179.98420766,63983794.32454908,135347487.03127357,41837144.46257322,224066803.0741229,76910731.37571263
66.0,67910952.18543006,152827255.4886755,-24.725394673637563,16.652967862693508,63104199.42686989,135636952.6812946,62791766.45442025,135860892.400251,40812029.86887315,224255785.01929936,76396246.12260729
66.5,66841028.604941756,153542615.36879304,-24.807831078342293,16.465524898965963,61935259.52183398,136174691.2826939,61599196.6162919,136361306.08253202,39786061.763416626,224440077.04952696,75884262.55533592
67.0,65767579.147864416,154249875.20457757,-24.88863084838722,16.277968361400596,60761737.79519126,136702356.00779653,60406483.36807419,136849181.25090453,38759261.60252033,224619675.3106624,75374783.47299233
67.5,64690674.36715028,154949030.4188508,-24.967800934598607,16.09031345842149,59583721.06125785,137219907.82123464,59213966.98814901,137325004.37407738,37731650.859901994,224794576.04672417,74867811.45806058
68.0,63610384.512670025,155640077.0871812,-25.045348416990613,15.902575201363199,58401296.46687983,137727308.4357693,58021926.12142637,137789288.27919057,36703251.026231304,224964775.5999713,74363348.87796724
68.5,62526779.525724314,156323011.92936948,-25.12128050048635,15.714768404465236,57214551.48498609,138224520.31512278,56830575.243765935,138242564.87603298,35674083.60868015,225130270.41097984,73861397.88663886
69.0,61439929.033739336,156997832.30093575,-25.19560451068889,15.526907684945412,56023573.908117466,138711506.6767556,55640062.9781676,138685377.63909647,34644170.130473465,225291057.01871702,73361960.42606361
69.5,60349902.3451438,157664536.18461043,-25.26832788970355,15.339007463149505,54828451.84193201,139188231.49458742,54450471.284883715,139118273.94679263,33613532.13043841,225447132.0606141,72865038.22785944
70.0,59256768.44442548,158323122.1818346,-25.33945819201252,15.151081962775107,53629273.69868706,139654659.50166228,53261815.536064,139541797.37904498,32582191.16255424,225598492.27263635,72370632.81484322
70.5,58160595.98736443,158973589.50427058,-25.40900308040255,14.963145211167289,52426128.19069887,140110756.19275746,52074045.47386216,139956480.07501757,31550168.795501888,225745134.4893514,71878745.50260381
71.0,57061453.29644141,159615937.96532714,-25.476970321946954,14.775211039683887,51219104.3237797,140556487.82693627,50887047.039263815,140362835.2519471,30517486.612212148,225887055.64399534,71389377.4010767
71.5,55959408.35641853,160250167.97170234,-25.54336778404218,14.587293084128296,50008291.39065359,140991821.43004394,49700645.047396705,140761349.9839152,29484166.209414933,226024252.7685372,70902529.41611955
72.0,54854528.81008976,160876280.5149455,-25.608203430500275,14.399404785247508,48793778.964350484,141416724.79714704,48514606.67390312,141152478.33596662,28450229.197187394,226156722.99374056,70418202.25108837
72.5,53746881.95419927,161494277.163043,-25.67148531769734,14.21155938929336,47575656.89158004,141831166.49491596,47328645.70624354,141536634.94428232,27415697.198501833,226284463.54922393,69936396.4084134
73.0,52636534.7355248,162104160.0520296,-25.733221590778882,14.023769948644881,46354015.28608476,142235115.8639502,46142427.50369639,141914189.12722674,26380591.848773785,226407471.76351845,69457112.19117326
73.5,51523553.747123726,162705931.87762704,-25.793420479922432,13.836049322489671,45128944.52197387,142628543.02104652,44955574.60046045,142285459.6050754,25344934.79540943,226525745.06412387,68980349.70466886
74.0,50408005.224739484,163299595.8869143,-25.852090296657842,13.64841017756226,43900535.227037355,143011418.8614097,43767672.877770565,142650709.8981896,24308747.69735264,226639280.97756237,68506108.85799399
74.5,49289955.043365434,163885155.87003067,-25.909239430245677,13.460864988937455,42668878.27604181,143383715.06080544,42578278.223424435,143010144.46444416,23272052.22463261,226748077.1294301,68034389.36560301
75.0,48169468.71396415,164462616.15191376,-25.96487634411398,13.273426040876696,41434064.78400751,143745404.07765594,41386923.59067822,143363905.6269494,22234870.057909973,226852131.2444471,67565190.74887641
75.5,47046611.38033932,165031981.58407578,-26.019009572353696,13.08610542772542,40196186.09946816,144096459.15507722,40193126.36319651,143712071.3326713,21197222.888023723,226951441.14650482,67098512.3376811
76.0,45921447.81615764,165593257.5364195,-26.07164771627288,12.89891505485949,38955333.79771291,144436854.3228586,38996395.92869736,144054653.77157822,20159132.41553788,227046004.75871143,66634353.27192661
76.5,44794042.42211857,166146449.889096,-26.12279944101001,12.711866639678862,37711599.67401209,144766564.3993839,37796241.36117907,144391598.87457725,19120620.350287,227135820.10343546,66172712.50311692
77.0,43664459.223268814,166691565.02440628,-26.172473472206217,12.524971712646483,36465075.736826174,145085564.99349424,36592179.110178776,144722786.69689646,18081708.41092271,227220885.3023471,65713588.79589618
77.5,42532761.86645947,167228609.81874907,-26.220678592736782,12.338241618370644,35215854.20099945,145393832.50629258,35383740.595422044,145048032.68187422,17042418.3244593,227301198.57645744,65256980.72958892
78.0,41399013.61794301,167757591.63461563,-26.267423639501818,12.151687516728911,33964027.48093795,145691344.1328894,34170479.60646981,145367089.7884877,16002771.825819198,227376758.24615577,64802886.699734285
78.5,40263277.36110772,168278518.31263483,-26.312717500275994,11.965320384031887,32709688.18377304,145978077.86408976,32951979.409546405,145679651.4545459,14962790.657378709,227447562.73124462,64351304.91961284
79.0,39125615.594346866,168791398.1636685,-26.35656911061735,11.779151014224958,31452929.102510534,146254012.48802155,31727859.467597514,145985355.35643345,13922496.568513164,227513610.55097282,63902233.42176716
79.5,37986090.429060206,169296239.96096036,-26.398987450835193,11.5931900201264,30193843.20916595,146519127.5917046,30497781.684736006,146283787.9157718,12881911.315141933,227574900.32406652,63455670.05951455
80.0,36844763.58778511,169793052.932338,-26.439981543016646,11.407447834699989,28932523.647886883,146773403.56256095,29261456.092514955,146574489.49349844,11841056.659273723,227631430.768758,63011612.508452505
80.5,35701696.402454905,170281846.7524719,-26.47956044811206,11.221934712360609,27669063.728062205,147016821.5898655,28018645.90283759,146856960.202785,10799954.368551321,227683200.70281252,62570058.26795565
81.0,34556949.81278202,170762631.53519043,-26.517733263078718,11.036660730311146,26403556.91741948,147249363.6661378,26769171.86068045,147130666.26404208,9758626.21579616,227730209.04355308,62131004.662665255
81.5,33410584.364762973,171235417.82585412,-26.554509118082837,10.851635789909036,25136096.835110217,147471012.58847407,25512915.83905131,147395046.81809792,8717093.978553537,227772454.8078829,61694448.843969
82.0,32262660.209303282,171700216.59378874,-26.589897173759493,10.666869618061025,23866777.24478439,147681751.95981985,24249823.6286131,147649521.10758558,7675379.438636454,227809937.11230633,61260387.79147383
82.5,31113237.100959264,172157039.22477996,-26.623906618530228,10.48237176864451,22595692.047653776,147881566.19018313,22979906.885039162,147893495.93171102,6633504.381670663,227842655.17294684,60828818.31446791
83.0,29962374.396794576,172605897.51362932,-26.656546665977977,10.298151623954102,21322935.275545634,148070440.49778745,21703244.208290756,148126373.2759615,5591490.596638844,227870608.30556384,60399737.05337513
83.5,28810131.05534894,173046803.6567739,-26.687826552278906,10.114218396171813,20048601.083946187,148248360.91016558,20419981.339470536,148347558.01600376,4549359.87542478,227893795.92556676,59973140.48119927
84.0,27656565.63571655,173479770.24496946,-26.717755533690884,9.930581128859643,18772783.74503549,148415314.26519316,19130330.47256176,148556465.5940401,3507134.0123579176,227912217.54802737,59549024.904959194
84.5,26501736.296731826,173904810.25603855,-26.74634288409801,9.747248698473078,17495577.640713133,148571288.21206233,17834568.69005068,148752529.56625345,2464834.803757431,227925872.78768986,59127386.46711468
85.0,25345700.79625995,174321937.04768476,-26.77359789261099,9.564229815894217,16217077.255616385,148716271.2121955,16533035.543002378,148935208.92167494,1422484.0474762325,227934761.35897893,58708221.14698231
85.5,24188516.490589898,174731164.35037312,-26.79952986122264,9.381533027983236,14937377.170130143,148850252.5400988,15226129.807457507,149103995.07582444,380103.5424454173,227938883.07600576,58291524.76214198
86.0,23030240.333927672,175132506.2602784,-26.824148102518127,9.199166719146914,13656572.053390395,148973222.28415573,13914305.4598977,149258418.4467704,-662284.9117817779,227938237.85257187,57877292.969833344
86.5,21870928.877987072,175525977.23230147,-26.84746193743945,9.017139112922973,12374756.656280551,149085171.34736022,12598066.92483908,149398054.526768,-1704659.515486075,227932825.702171,57465521.26834256
87.0,20710638.271676127,175911592.07315382,-26.86948069310359,8.835458273579107,11092025.804422269,149186091.4479897,11277963.657228405,149522529.3692974,-2746998.4692375013,227922646.73798874,57056204.99837951
87.5,19549424.260876417,176289365.934512,-26.890213700673748,8.654132107725399,9808474.391160207,149275975.12021774,9954584.13109947,149631524.41904265,-3789279.974351993,227907701.1729002,56649339.344445124
88.0,18387342.18831334,176659314.30624205,-26.909670293283117,8.473168365939095,8524197.370542297,149354815.71466637,8628549.313791027,149724780.6210294,-4831482.233346723,227887989.31946558,56244919.33618849
88.5,17224446.993514884,177021453.009694,-26.92785980401061,8.292574644400537,7239289.750295147,149422607.39889792,7300505.711819694,149802101.75465915,-5873583.450396156,227863511.5899236,55842939.84975484
89.0,16060793.212856866,177375798.1910676,-26.9447915639078,8.112358386539238,5953846.584795515,149479345.15784657,5971118.080159778,149863356.94861332,-6915561.831788023,227834268.4961828,55443395.60912345
89.5,14896434.979692133,177722366.31484926,-26.9604749000767,7.932526884688894,4667962.968038641,149525024.79418933,4641061.891127114,149908482.34341872,-7957395.586378795,227800260.64981112,55046281.18743612
90.0,13731426.024561822,178061174.15732008,-26.974919133797474,7.753087281750428,3381734.0266031576,149559642.9286565,3311015.662237901,149937481.87972096,-8999062.926049558,227761488.7620227,54651591.00831633
90.5,12565819.675486412,178392238.80013698,-26.988133578705693,7.57404657286196,2095254.91261412,149583197.0002817,1981653.2442777397,149950427.20185992,-10040542.066161826,227717953.6436634,54259319.34717888
91.0,11399668.858334482,178715577.62398538,-27.000127539018298,7.395411607074706,808620.796703614,149595685.26659134,653636.1713395842,149947456.67802322,-11081811.22601282,227669656.20519352,53869460.33252984
91.5,10233026.097267017,179031208.30230427,-27.01091030780768,7.21718908903389,-478073.1390294718,149597106.80373353,-672393.82622713,149928773.54992166,-12122848.629291132,227616597.45666897,53482007.947258495
92.0,9065943.515255304,179339148.7950847,-27.02049116532332,7.0393855806636765,-1764731.7080610548,149587461.50654632,-1995822.0471675566,149894643.2364256,-13163632.504532337,227558778.5077201,53096956.02991934
92.5,7898472.8346702745,179639417.34274054,-27.02887937736022,6.862007502855221,-3051259.7264832635,149566750.08856565,-3316067.687638289,149845389.82677418,-14204141.085573746,227496200.5675284,52714298.27600574
93.0,6730665.377941361,179932032.46005195,-27.036084193673442,6.685061137156958,-4337562.020046179,149534974.08197242,-4632590.261873101,149781391.8096718,-15244352.612010319,227428864.94480136,52334028.239215896
93.5,5562572.068282829,180217012.93018267,-27.042114846438235,6.508552627466291,-5623543.431198333,149492135.83747923,-5944895.4904907085,149703077.0946779,-16284245.32964919,227356773.04774493,51956139.33270927
94.0,4394243.430485696,180494377.79877025,-27.046980548754956,6.332487981721835,-6909108.826126498,149438238.52415636,-7252540.578770665,149610917.39164093,-17323797.49096481,227279926.38403428,51580624.83035563
94.5,3225729.5917732525,180764146.36808884,-27.050690493198207,6.156873073595393,-8194163.101793195,149373286.12919757,-8555138.815278204,149505422.02240598,-18362987.35555393,227198326.56078207,51207477.86797663
95.0,2057080.2827183306,181026338.1912853,-27.053253850409366,5.981713644182964,-9478611.192972451,149297283.45762482,-9852363.430197012,149387131.2465216,-19401793.19058994,227111975.28450492,50836691.4445796
95.5,888344.838220457,181280973.06668884,-27.054679767732097,5.8070153036939836,-10762358.079282232,149210236.13193306,-11143950.662503986,149256609.18909073,-20440193.27127753,227020874.36108783,50468258.42358413
96.0,-280427.80145898234,181528071.0321927,-27.054977367889908,5.632783533138147,-12045308.79221409,149112150.5916742,-12429701.99557097,149114436.4641633,-21478165.881307177,226925025.69574615,50102171.53404205
96.5,-1449189.0896053289,181767652.35970956,-27.054155747705213,5.4590236860090835,-13327368.42215843,149003034.0929807,-13709485.531758867,148961202.5910879,-22515689.31330902,226824431.29298604,49738423.3718506
97.0,-2617890.871904797,181999737.54969907,-27.052223976859203,5.28574098996426,-14608442.12542597,148882894.70802882,-14983236.48794318,148797498.30397502,-23552741.86930695,226719093.2565623,49377006.40095945
97.5,-3786485.3852459025,182224347.32576743,-27.049191096691867,5.112940548500476,-15888435.131263817,148751741.32444143,-16250956.80551763,148623907.85583398,-24589301.8611726,226609013.78943452,49017912.954572655
98.0,-4954925.256469921,182441502.62934002,-27.045066119041405,4.940627342624398,-17167252.748866476,148609583.64463058,-17512713.880119592,148441001.41901556,-25625347.611078374,226494195.19372103,48661135.23634406
98.5,-6123163.501072038,182651224.61440644,-27.03985802512243,4.768806232517479,-18444800.374380942,148456432.18507963,-18768638.42794567,148249327.68231976,-26660857.451951485,226374639.87065053,48306665.32156768
99.0,-7291153.521854863,182853534.64233568,-27.033575764442222,4.597481959194777,-19720983.497905046,148292298.27556545,-20018921.51692888,148049406.74253032,-27695809.727926545,226250350.32051218,47954495.158364505
99.5,-8458849.107535945,183048454.2767646,-27.02622825375439,4.426659146157135,-20995707.710479315,148117194.05832002,-21263810.802079674,147841723.38424686,-28730182.794798646,226121329.14260313,47604616.56886374
100.0,-9626204.431310872,183236005.27855653,-27.017824376049372,4.256342301036232,-22268878.711070888,147931132.48713243,-22503606.01480171,147626720.8367587,-29763955.02047618,225987579.03517413,47257021.25038081
100.5,-10793174.049373535,183416209.60083115,-27.008372979580702,4.086535817231979,-23540402.31354991,147734127.3263904,-23738653.765848227,147404795.09040123,-30797104.785432912,225849102.79537323,46911700.776591726
101.0,-11959712.899395136,183589089.38406503,-26.99788287692691,3.9172439755418687,-24810184.453656953,147526193.1500621,-24969341.73064732,147176289.84744692,-31829610.483160287,225705903.31918722,46568646.59870436
101.5,-13125776.298963329,183754666.95126227,-26.98636284408802,3.748470945781792,-26078131.195961922,147307345.34061807,-26196092.293883648,146941492.1742014,-32861450.52061943,225557983.60138106,46227850.04662709
102.0,-14291319.943983193,183912964.80319446,-26.973821619616007,3.5802207883979222,-27344148.740812898,147077600.0878931,-27419355.737363365,146700628.911714,-33892603.31869242,225405346.73543516,45889302.33013558
102.5,-15456299.907041255,184064005.61371148,-26.9602679037787,3.412497456069272,-28608143.431275487,146836974.3878887,-28639603.061223164,146453863.8924914,-34923047.31263377,225247995.91348097,45552994.5400371
103.0,-16620672.635734139,184207812.2251196,-26.945710357756305,3.2453047953005445,-29870021.760061074,146585486.04151568,-29857318.53338433,146201295.99995813,-35952760.952521525,225085934.42623386,45218917.649334535
103.5,-17784394.950963248,184344407.64362904,-26.930157602870008,3.0786465480049165,-31129690.376444526,146323153.65327734,-31072992.06574385,145942958.09627584,-36981722.7037075,224919165.66292453,44887062.51438902
104.0,-18947424.0451967,184473815.03487006,-26.913618219841986,2.912526353076413,-32387056.09316978,146049996.62989312,-32287111.517880704,145678816.83266503,-38009911.04726828,224747693.11122808,44557419.87608235
104.5,-20109717.480700072,184596057.7194761,-26.896100748086003,2.746947747951539,-33642025.89334389,145766035.1788629,-33500155.030014716,145408773.34471568,-39037304.48045469,224571520.35719106,44229980.36097941
105.0,-21271233.18773706,184711159.1687341,-26.877613685028358,2.5819141701598864,-34894506.93731792,145471290.3069722,-34712583.486566626,145132664.8234853,-40063881.51714172,224390651.08515647,43904734.48249179
105.5,-22431929.462741498,184819143.00030217,-26.85816548545799,2.4174289588633933,-36144406.56955528,145165783.8187381,-35924833.20994528,144850266.9416149,-41089620.688278005,224205089.0776867,43581672.64204191
106.0,-23591764.96646194,184920032.97399282,-26.837764560905644,2.2534953563840063,-37391632.32548588,144849538.31479615,-37137308.9811449,144561297.10240066,-42114500.542334504,224014838.21548453,43260785.13022923
106.5,-24750698.722079933,185013852.98762265,-26.816419279051086,2.0901165097194827,-38636091.93834668,144522577.19022843,-38350377.479420945,144265418.4688893,-43138499.64575329,223819902.47731176,42942062.12799803
107.0,-25908690.11330338,185100627.07292655,-26.794137963158004,1.9272954720470794,-39877693.34600718,144184924.63283297,-39564361.227776304,143962244.71976277,-44161596.58339593,223620285.93990615,42625493.707808554
107.5,-27065698.88243611,185180379.3915369,-26.77092889153579,1.76503520421491,-41116344.69778003,143836605.62133428,-40779533.124310575,143651345.46917784,-45183769.95899105,223415992.77789623,42311069.834810816
108.0,-28221685.128424585,185253134.23102722,-26.746800297027747,1.6033385762207566,-42351954.361216,143477645.92353538,-41996111.63174673,143332252.27895674,-46204998.39558196,223207027.26371378,41998780.368021786
108.5,-29376609.30488326,185318916.00101897,-26.721760366525046,1.442208368678137,-43584430.928882554,143108072.09441185,-43214256.68875613,143004465.18370205,-47225260.53597389,222993393.76750466,41688615.06150736
109.0,-30530432.218099397,185377749.22935167,-26.69581724050591,1.2816472742694383,-44813683.22512614,142727911.47414708,-44434066.39717143,142667459.64263135,-48244535.043180116,222775096.75703737,41380563.56556823
109.5,-31683115.025018483,185429658.55831498,-26.66897901259935,1.1216578991859558,-46039620.31281695,142337192.18610984,-45655574.52892733,142320693.82629395,-49262800.60086886,222552140.79760957,41074615.427931935
110.0,-32834619.231211368,185474668.740944,-26.64125372917287,0.9622427645546731,-47262151.50007646,141935943.1347738,-46878748.885744914,141963616.14190596,-50280035.91380851,222324530.55195263,40770760.09494882
110.5,-33984906.688824095,185512804.63737425,-26.612649388943773,0.8034043078516352,-48481186.34698633,141524194.0035791,-48103490.533310495,141595672.8978889,-51296219.70831341,222092270.78013417,40468986.912796065
111.0,-35133939.59451146,185544091.2112586,-26.583173942613243,0.6451448843017963,-49696634.67227923,141101975.25273675,-49329633.920152724,141216316.00635755,-52311330.7326884,221855366.33945838,40169285.12868682
111.5,-36281680.487355106,185568553.52624416,-26.55283529252285,0.487466768265206,-50908406.56000993,140669318.11697477,-50556947.879734345,140825010.6218006,-53325347.75767348,221613822.18436462,39871643.89208705
112.0,-37428092.246767506,185586216.74250838,-26.52164129233273,0.33037215460943453,-52116412.36620734,140226254.6032281,-51785137.50261293,140421242.6150404,-54338249.57688766,221367643.36632368,39576052.25594001
112.5,-38573138.09038225,185597106.1133544,-26.489599746721222,0.17386316006813796,-53320562.7255059,139772817.48827025,-53013846.85403088,140004525.78373098,-55350015.007272676,221116835.0337321,39282499.17789861
113.0,-39716781.57193193,185601246.98186493,-26.456718411105015,0.017941824585674462,-54520768.557756886,139309040.31628895,-54242662.501131415,139574408.70413542,-56360622.88953567,220861402.43180463,38990973.52156632
113.5,-40858986.57911441,185598664.7776133,-26.423004991379695,-0.13738988735230406,-55716941.07461806,138834957.3964045,-55471117.80330225,139130481.13365686,-57370052.08859194,220601350.90246442,38701464.05774726
114.0,-41999717.331448264,185589385.0134326,-26.388467143679836,-0.2921300854023533,-56908991.78612227,138350603.8001316,-56698697.90907139,138672379.87953296,-58378281.494006805,220336685.8842315,38413959.465705566
114.5,-43138938.37811822,185573433.28224084,-26.353112474158337,-0.4462769520608868,-58096832.50722354,137856015.35878485,-57924845.39364603,138199794.05615175,-59385290.02043729,220067412.91210872,38128448.33443428
115.0,-44276614.59581146,185550835.25392193,-26.316948538784466,-0.5998287413760273,-59280375.364320934,137351228.66082826,-59148966.462725885,137712469.66152114,-60391056.60807284,219793537.6174662,37844919.16393555
115.5,-45412711.18654585,185521616.67226246,-26.279982843160024,-0.7527837776736981,-60459532.80175909,136836281.04916814,-60370437.64074163,137210213.41241485,-61395560.22307582,219515065.72792372,37563360.36651067
116.0,-46547193.6754902,185485803.3519428,-26.24222284235335,-0.9051404542979882,-61634217.58830552,136311210.61839092,-61588612.85527235,136692895.78750935,-62398779.858021624,219232003.0672305,37283760.2680618
116.5,-47680027.90877811,185443421.17558232,-26.20367594075039,-1.0568972323658141,-62804342.823603645,135776056.21194476,-62802830.824161865,136160453.238283,-63400694.53233769,218944355.55514374,37006107.109405346
117.0,-48811180.0513155,185394496.0908387,-26.164349491922653,-1.2080526395359004,-63969821.944601536,135230857.41926616,-64012422.647857,135612889.5384422,-64401283.29274242,218652129.20730484,36730389.04759675
117.5,-49940616.58458277,185339054.10755923,-26.12425079851141,-1.3586052687920862,-65130568.73195559,134675654.57285115,-65216719.506779246,135050276.25401402,-65400525.21368337,218355330.13511342,36456594.15726856
118.0,-51068304.30443263,185277121.29498497,-26.083387112127834,-1.5085537772409612,-66286497.31640902,134110488.74527158,-66415060.3621543,134472752.32785848,-66398399.397774965,218053964.5455995,36184710.43198043
118.5,-52194210.31888353,185208723.77900627,-26.04176563326842,-1.657896884923832,-67437522.18514396,133535401.74613671,-67606799.55867717,133880522.78404906,-67394884.97623535,217748038.74129388,35914725.78558288
119.0,-53318302.04591005,185133887.7394696,-25.999393511245483,-1.8066333736430031,-68583558.18810768,132950436.11900024,-68791314.22868809,133273856.56919217,-68389961.10932285,217437559.12009615,35646628.05359386
119.5,-54440547.21123046,185052639.40753445,-25.956277844132202,-1.954762085802366,-69724520.5443117,132355635.13821302,-69968011.40015405,132653083.55915548,-69383606.98677203,217122532.17514104,35380404.99458978
120.0,-55560913.84609221,184965005.06307983,-25.912425678721775,-2.1022819232622605,-70860324.84810391,131751042.80572166,-71136334.71466346,132018590.77069575,-70375801.82822865,216802964.4946625,35116044.291610554
120.5,-56679370.28505615,184871011.0321609,-25.867844010500257,-2.2491918462086065,-71990887.07541232,131136703.84781352,-72295770.66679032,131370817.82797799,-71366524.88368429,216478862.761856,34853533.553578064
121.0,-57795885.163779564,184770683.68451288,-25.822539783632827,-2.395490872036233,-73116123.58996123,130512663.71180779,-73445854.28250736,130710251.74381642,-72355755.43391034,216150233.75473863,34592860.316730715
121.5,-58910427.416799076,184664049.4311036,-25.776519890962856,-2.5411780742464116,-74235951.14945832,129878968.56269361,-74586174.1617334,130037421.08451945,-73343472.79089142,215817084.34600762,34334012.046072304
122.0,-60022966.27531386,184551134.7217333,-25.72979117402362,-2.686252581358522,-75350286.91175291,129235665.27971461,-75716376.81849958,129352889.59535865,-74329656.29825786,215479421.5028963,34076976.13683567
122.5,-61133471.2649694,184431966.04268152,-25.682360423062075,-2.830713575835782,-76459048.44096415,128582801.45290121,-76836170.2614936,128657249.37080735,-75314285.33171768,215137252.28702864,33821739.915962026
123.0,-62241912.20364264,184306569.91439897,-25.63423437707451,-2.9745602930250534,-77562153.71357952,127920425.37954985,-77945326.76777467,127951113.65970309,-76297339.29948805,214790583.8542714,33568290.64359642
123.5,-63348259.19922903,184174972.88924605,-25.58541972385363,-3.117792020110594,-78659521.12452279,127248586.06065007,-79043684.81310634,127235109.40031144,-77278797.64272596,214439423.4545845,33316615.51459814
124.0,-64452482.64743167,184037201.54927567,-25.535923100046602,-3.2604080950817247,-79751069.49319111,126567333.19725956,-80131150.13349272,126509869.58383404,-78258639.83595793,214083778.43186957,33066701.66006766
124.5,-65554553.229553305,183893282.50406086,-25.485751091223968,-3.4024079057143513,-80836718.06946015,125876717.1868274,-81207695.90397713,125776025.54716903,-79236845.38750942,213723656.2238161,32818536.148888953
125.0,-66654441.91029148,183743242.38856497,-25.43491023195877,-3.543790888566239,-81916386.53965819,125176789.11946586,-82273362.03242187,125034199.29666589,-80213393.8399335,213359064.3617461,32572105.98928938
125.5,-67752119.93553732,183587107.8610565,-25.38340700591588,-3.6845565279859986,-82989995.03250723,124467600.77417071,-83328253.5776733,124284995.96420632,-81188264.77043845,212990010.47045654,32327398.13041414
126.0,-68847558.83017847,183424905.60106567,-25.331247845950987,-3.824704355135677,-84057464.12503207,123749204.61499082,-84372538.3130829,123528996.49519478,-82161437.79131496,212616502.26805982,32084399.46391793
126.5,-69940730.39590631,183256662.3073821,-25.278439134218935,-3.9642339470268784,-85118714.84843537,123021653.78714702,-85406443.46763939,122766750.66497909,-83132892.5503625,212238547.56582245,31843096.825573795
127.0,-71031606.70902838,183082404.69609582,-25.224987202291207,-4.1031449255703345,-86173668.69393986,122285002.11310053,-86430251.6878305,121998770.51588225,-84102608.73131509,211856154.26800168,31603476.996896647
127.5,-72120160.11828569,182902159.49867722,-25.17089833128216,-4.241436956638815,-87222247.6185962,121539304.08857131,-87444296.27364248,121225524.30147193,-85070566.05426592,211469330.37168008,31365526.70678455
128.0,-73206363.24267592,182715953.46009788,-25.116178751983735,-4.379109749143309,-88264374.05105625,120784614.87850654,-88448955.75169207,120447431.01799363,-86036744.27609162,211078083.96659854,31129232.63317631
128.5,-74290188.96928255,182523813.3369914,-25.06083464500833,-4.516163054122366,-89299970.8973119,120020990.31299967,-89444647.8572404,119664855.59513879,-87001123.19087559,210682423.23498675,30894581.404724468
129.0,-75371610.4511104,182325765.8958528,-25.004872140939614,-4.652596663844501,-90328961.54639803,119248486.88316034,-90431823.00464362,118878104.8096098,-87963682.63033065,210282356.45139244,30661559.602485668
129.5,-76450601.10492767,182121837.9112763,-24.948297320490912,-4.788410410923542,-91351269.87606008,118467161.73693515,-91410957.33255194,118087423.97539763,-88924402.46422064,209877891.98250803,30430153.761626612
130.0,-77527134.6091152,181912056.16423172,-24.89111621467092,-4.923604167446877,-92366820.25838543,117677072.67488018,-92382545.41578406,117292994.4544292,-89883262.6007815,209469038.28699592,30200350.37314609
130.5,-78601184.9015228,181696447.44037706,-24.833334804956554,-5.058177844116413,-93375537.56539829,116878278.14588478,-93347092.74020587,116494932.02040577,-90840242.98714161,209055803.91531125,29972135.8856134
131.0,-79672726.17733355,181475038.52840972,-24.774959023472512,-5.192131389402202,-94377347.17461716,116070837.24284795,-94305108.04007123,115693286.09738544,-91795323.60974088,208638197.5095235,29745496.7069214
131.5,-80741732.88693546,181247856.21845213,-24.71599475317743,-5.325464788708601,-95372174.97457553,115254809.69830658,-95257095.59910049,114888039.88310872,-92748484.49474947,208216227.80313548,29520419.20605636
132.0,-81808179.73380199,181014927.30047435,-24.656447828056397,-5.458178063552854,-96359947.37030429,114430255.88001673,-96203547.61704805,114079111.35538137,-93699705.70848542,207789903.62090075,29296889.714882113
132.5,-82872041.6723804,180776278.56275168,-24.5963240333194,-5.590271270755968,-97340591.28877626,113597236.7864876,-97144936.74264792,113266355.1481646,-94648967.35783175,207359233.87863898,29074894.52993948
133.0,-83933293.90598916,180531936.7903562,-24.53562910560567,-5.7217445016458,-98314034.18431184,112755814.04246913,-98081708.87162505,112449565.27253693,-95596249.59065212,206924227.58304968,28854419.914261077
133.5,-84991911.88472421,180281928.76368344,-24.474368733193597,-5.85259788127224,-99280204.04394574,111906049.89439318,-99014276.30496247,111628478.64653194,-96541532.59620641,206484893.8315237,28635452.0991996
134.0,-86047871.30337442,180026281.25701264,-24.41254855621597,-5.982831567634335,-100239029.39275438,111048007.20576863,-99943011.35785273,110802779.38717341,-97484796.6055645,206041241.81195307,28417977.286270432
134.5,-87101148.09934628,179765021.0370992,-24.3501741668804,-6.112445750919245,-101190439.29914357,110181749.45253073,-100868240.50381173,109972103.80796182,-98426021.89202037,205593280.8025387,28201981.649008576
135.0,-88151718.45059863,179498174.86180085,-24.28725110969461,-6.241440652752971,-102134363.38009559,109307340.71834567,-101790239.13136245,109136046.05574971,-99365188.77150418,205141020.17159644,27987451.334838178
135.5,-89199558.77358682,179225769.47873503,-24.22378488169642,-6.36981652546264,-103070731.8063761,108424845.68986948,-102709226.98260768,108294164.31249627,-100302277.60299388,204684469.3773613,27774372.466955632
136.0,-90244645.72121719,178947831.62396905,-24.159780932688356,-6.497573651350311,-103999475.30769992,107534329.6519629,-103625364.33400223,107445987.479933,-101237268.7889263,204223637.96778932,27562731.146224167
136.5,-91286956.18081139,178664388.02073982,-24.095244665476336,-6.624712341978122,-104920525.17785566,106635858.48286156,-104538748.96983431,106591022.25879173,-102170142.77560697,203758535.58035815,27352513.453082085
137.0,-92326467.27208169,178375465.37820554,-24.030181436112667,-6.7512329374646916,-105833813.279788,105729498.6493026,-105449413.98845349,105728760.52903639,-103100880.05361864,203289171.94186547,27143705.449461006
137.5,-93363156.34511624,178081090.3902271,-23.964596554142858,-6.87713580579263,-106739272.05063881,104815317.20160767,-106357326.47028714,104858686.9335625,-104029461.15822947,202815556.86822554,26936293.18071569
138.0,-94397000.97837557,177781289.73417866,-23.898495282856135,-7.0024213421270405,-107636834.50674486,103893381.76872256,-107262387.02530138,103980286.56514162,-104955866.66980076,202337700.26426366,26730262.677565016
138.5,-95427978.97669974,177476090.06978837,-23.831882839539585,-7.127089968144924,-108526434.24859342,102963760.55321428,-108164430.2259503,103093052.65502335,-105880077.21419199,201855612.12350956,26525599.958041787
139.0,-96456068.36932662,177165518.03800723,-23.764764395735583,-7.251142131375264,-109408005.46573421,102026522.32622547,-109063225.9199597,102196494.16158509,-106802073.46316645,201369302.5279881,26322291.029452555
139.5,-97481247.40792128,176849600.25990614,-23.697145077502476,-7.37457830454982,-110281482.9416479,101081736.4223871,-109958481.405672,101290143.15873986,-107721836.13479611,200878781.64800814,26120321.890346285
140.0,-98503494.56461674,176528363.3356012,-23.629029965678267,-7.49739898496434,-111146802.05857062,100129472.73468906,-110849844.44128655,100373561.92645504,-108639345.99386373,200384059.74195042,25919678.532490928
140.5,-99522788.5300664,176201833.84320638,-23.560424096147198,-7.619604693850206,-112003898.8022743,99169801.70930974,-111736907.04831506,99446349.64967048,-109554583.85226576,199885147.15605277,25720346.942857284
141.0,-100539108.21150751,175870038.33781204,-23.491332460108985,-7.741195975756282,-112852709.76680242,98202794.34040445,-112619210.05908287,98508148.63707453,-110467530.56941372,199382054.32419348,25522313.10561071
141.5,-101552432.730837,175533003.35049164,-23.421760004350645,-7.862173397940924,-113693172.15916027,97228522.16485375,-113496248.34827793,97558649.97753783,-111378167.05263436,198874791.76767346,25325563.004107725
142.0,-102562741.42269856,175190755.38733348,-23.351711631520754,-7.98253754977396,-114525223.8039606,96247057.25697099,-114367476.67951725,96597598.55943027,-112286474.25756854,198363370.09499612,25130082.622898627
142.5,-103570013.83258197,174843320.92849752,-23.281192200405926,-8.102289042148573,-115348803.14802289,95258472.22317068,-115232316.089774,95624797.38646215,-113192433.18857023,197847800.00164536,24935857.94973564
143.0,-104574229.71493407,174490726.42729932,-23.210206526209387,-8.22142850690292,-116163849.26492727,94262840.19659692,-116090160.72740752,94640111.13297845,-114096024.89910339,197328092.26986203,24742874.97758334
143.5,-105575369.03128217,174132998.30931643,-23.138759380831623,-8.339956596251373,-116970301.85952133,93260234.83171365,-116940385.05354403,93643468.89168237,-114997230.49213798,196804257.76841843,24551119.706634197
144.0,-106573411.94836938,173770162.97152102,-23.066855493152723,-8.457873982225285,-117768101.27238083,92250730.29885544,-117782351.31175959,92634866.0774256,-115896031.12054561,196276307.452391,24360578.146325305
144.5,-107568338.83630233,173402246.78143516,-22.994499549316636,-8.575181356123117,-118557188.4842231,91234401.27874087,-118615417.16746986,91614365.46185204,-116792407.98749357,195744252.36293107,24171236.317357715
145.0,-108560130.2667111,173029276.07631034,-22.92169619301681,-8.69187942796987,-119337505.12027323,90211322.95694746,-119438943.41619143,90582097.32515705,-117686342.34683754,195208103.62703428,23983080.253716305
145.5,-109548767.01092164,172651277.16233012,-22.84845002578346,-8.807968925985591,-120108993.45458235,89181571.01835002,-120252301.65892766,89538258.72288625,-118577815.50351422,194667872.45730752,23796096.004689697
146.0,-110534230.03814033,172268276.31383562,-22.774765607272066,-8.923450596062938,-120871596.41429815,88145221.64152145,-121054881.84336697,88483111.87738372,-119466808.81393203,194123570.15173456,23610269.636889532
146.5,-111516500.51365156,171880299.77257267,-22.700647455553195,-9.038325201253667,-121625257.58388694,87102351.49309729,-121846099.57135178,87416981.71506044,-120353303.68636079,193575208.09344003,23425587.236268885
147.0,-112495559.79702726,171487373.74696165,-22.62610004740339,-9.152593521263823,-122369921.2093072,86053037.72210406,-122625403.07616381,86340252.58193456,-121237281.58132093,193022797.750451,23242034.910137698
147.5,-113471389.44034936,171089524.4113891,-22.55112781859703,-9.266256351957669,-123105532.20213415,84997357.95425189,-123392279.77753045,85253364.18074714,-122118724.01197106,192466350.67545715,23059598.78917482
148.0,-114443971.18644492,170686777.9055198,-22.475735164199257,-9.379314504870106,-123832036.14363492,83935390.28619224,-124146262.32783376,84156806.78323759,-122997612.54449446,191905878.50556955,22878265.029437147
148.5,-115413286.96713385,170279160.33363056,-22.399926438859435,-9.49176880672756,-124549379.28879441,82867213.27974017,-124886934.06972358,83051115.78073423,-123873928.79848453,191341392.96207702,22698019.814362567
149.0,-116379318.9014891,169866697.76396385,-22.323705957105656,-9.603620098977107,-125257508.57029124,81792905.95606278,-125613933.8331075,81936865.64495641,-124747654.44732991,190772905.8502008,22518849.356768258
149.5,-117342049.29411003,169449416.22810188,-22.247077993639486,-9.714869237323894,-125956371.60242356,80712547.78983316,-126326960.00821657,80814663.37871064,-125618771.21859659,190200429.05884805,22340739.900841888
150.0,-118301460.63340816,169027341.72036088,-22.170046783631552,-9.825517091276518,-126645916.6849843,79626218.70335127,-127025773.84100384,79685141.54290228,-126487260.89441079,189623974.5603632,22163677.724125415
150.5,-119257535.58990578,168600500.19720384,-22.09261652301731,-9.935564543700448,-127326092.80708592,78533999.06063145,-127710201.90740529,78548950.95187777,-127353105.31184015,189043554.410277,21987649.13949076
151.0,-120210257.01454745,168168917.57667375,-22.014791368793293,-10.045012490379296,-127996849.65093398,77435969.66145717,-128380137.73383473,77406753.13349316,-128216286.3632728,188459180.7470552,21812640.497106027
151.5,-121159607.93702425,167732619.7378445,-21.936575439313593,-10.153861839583747,-128658137.5955498,76332211.73540361,-129035542.54256068,76259212.65341128,-129076785.99679662,187870865.7918443,21638638.186391953
152.0,-122105571.56411083,167291632.52029026,-21.857972814586407,-10.262113511648204,-129309907.7204409,75222806.93582879,-129676445.11216918,75106989.40492338,-129934586.21657668,187278621.84821576,21465628.637967557
152.5,-123048131.27801529,166845981.72357383,-21.778987536570842,-10.369768438554898,-129952111.80922033,74107837.33383274,-130302940.75500481,73950730.96604408,-130789669.08323166,186682461.301909,21293598.325583734
153.0,-123987270.63474172,166395693.10675234,-21.699623609473626,-10.47682756352539,-130584702.35317339,72987385.41218631,-130915189.42514107,72791065.12474196,-131642016.71420857,186082396.62057245,21122533.768044263
153.5,-124922973.36246605,165940792.38789988,-21.619885000045763,-10.583291840619378,-131207632.5547725,71861534.05922893,-131513412.98191652,71628592.67094505,-132491611.28415725,185478440.35350245,20952421.531113688
154.0,-125855223.3599239,165481305.24364832,-21.539775637879128,-10.689162234340724,-131820856.3311388,70730366.56273724,-132097891.64522223,70463880.55043885,-133338435.02530311,184870605.13138106,20783248.22941064
154.5,-126784004.69481218,165017257.30874446,-21.459299415702823,-10.794439719250477,-132424328.31745154,69593966.6037633,-132668959.68940252,69297455.4709919,-134182470.22781825,184258903.66601196,20615000.528285816
155.0,-127709301.60220264,164548674.17562342,-21.378460189679252,-10.899125279586935,-133018003.87030384,68452418.25044419,-133227000.4326839,68129798.04507367,-135023699.24019232,183643348.75005436,20447665.145684693
155.5,-128631098.48296872,164075581.3939993,-21.29726177969988,-11.00321990889254,-133601839.07100563,67305805.95178272,-133772440.58835207,66961337.546440385,-135862104.4696016,183023953.25675562,20281228.853992447
156.0,-129549379.90222521,163598004.47047043,-21.21570796968065,-11.10672460964752,-134175790.72883222,66154214.53140032,-134305744.05232382,65792447.34975792,-136697668.38227656,182400730.1396821,20115678.481862523
156.5,-130464130.58778016,163115968.86814165,-21.13380250785693,-11.209640392910183,-134739816.38421977,64997729.18126186,-134827405.2092058,64623441.113408275,-137530373.503869,181773692.43244824,19951000.916025665
157.0,-131375335.42860004,162629500.00626096,-21.05154910707785,-11.311968277963805,-135293874.3119062,63836435.45537334,-135337941.84528866,63454569.755811855,-138360202.41981736,181142853.2484436,19787183.103080433
157.5,-132282979.47328721,162138623.25987217,-20.968951445100306,-11.413709291969893,-135837923.52401793,62670419.263452895,-135837887.76211694,62286019.265116416,-139187137.77571055,180508225.7805593,19624212.05126352
158.0,-133187047.92857064,161643363.95948157,-20.886013164882147,-11.514864469627845,-136371923.77310225,61499766.8645752,-136327785.18822828,61117909.37109717,-140011162.27765152,179869823.30091155,19462074.832199458
158.5,-134087526.1578085,161143747.39073956,-20.802737874874765,-11.615434852840817,-136895835.55510443,60324564.86079051,-136808177.0893205,59950293.096725404,-140832258.6926185,179227659.16056424,19300758.582629032
159.0,-134984399.67950416,160639798.79413676,-20.719129149315012,-11.71542149038778,-137409620.1122903,59144900.19071789,-137279599.4784464,58783157.19524344,-141650409.84882537,178581746.78925,19140250.50611515
159.5,-135877654.16583407,160131543.36471382,-20.635190528516308,-11.814825437601549,-137913239.43611342,57960860.12311377,-137742573.8278338,57616423.46689008,-142465598.6360811,177932099.69508886,18980537.874726143
160.0,-136767275.44118866,159619006.251785,-20.550925519158994,-11.913647756052839,-138406656.27002704,56772532.25041579,-138197599.68258741,56449950.93780129,-143277808.00614738,177278731.46430615,18821608.030695535
160.5,-137653249.48072594,159102212.55867574,-20.466337594579787,-12.011889513240096,-138889834.11223987,55580004.48226328,-138645147.57385898,55283538.87222532,-144087020.97309506,176621655.76094812,18663448.388057057
161.0,-138535562.4089368,158581187.34247282,-20.381430195060332,-12.109551782285124,-139362737.21841672,54383365.03899371,-139085652.32512084,54116930.57818355,-144893220.61365932,175960886.3265966,18506046.434255704
161.5,-139414200.4982238,158055955.61378828,-20.296206728114928,-12.206635641634346,-139825330.60432264,53182702.445116416,-139519506.83998048,52949817.95623064,-145696390.06759435,175296436.9800807,18349389.73173179
162.0,-140289150.16749105,157526542.3365355,-20.210670568777196,-12.303142174765648,-140277580.04841104,51978105.522763565,-139947056.45361763,51781846.73115198,-146496512.53802472,174628321.6171889,18193465.919480626
162.5,-141160397.9807478,156992972.42771786,-20.12482505988575,-12.39907246990066,-140719452.0943553,50769663.3851197,-140368593.92247754,50612622.297417745,-147293571.29179755,173956554.2103779,18038262.714584477
163.0,-142027930.6457241,156455270.75723055,-20.038673512368877,-12.494427619722412,-141150914.05352363,49557465.42982904,-140784355.11842608,49441716.1011046,-148087549.65983224,173281148.80848038,17883767.91371639
163.5,-142891735.01249728,155913462.14767328,-19.95221920552811,-12.589208721098316,-141571934.00739756,48341601.33238227,-141194515.48426655,48268672.47391313,-148878431.03746912,172602119.53641114,17729969.394617926
164.0,-143751798.07213292,155367571.3741757,-19.865465387320704,-12.683416874808277,-141982480.8099331,47122161.03948224,-141599187.2974623,47093015.82893558,-149666198.88481626,171919480.59487215,17576855.11754721
164.5,-144608106.95533615,154817623.16423398,-19.77841527464104,-12.777053185277925,-142382524.08986467,45899234.76239036,-141998417.77823415,45914258.123052955,-150450836.72709614,171233246.26005507,17424413.12669856
165.0,-145460648.9311161,154263642.19755933,-19.691072053600713,-12.870118760316867,-142772034.25295216,44672912.97025268,-142392188.06704992,44731906.48731619,-151232328.15498963,170543430.88334283,17272631.551592186
165.5,-146309411.4054622,153705653.10593677,-19.60343887980763,-12.96261471086184,-143150982.48417008,43443286.3834073,-142780413.08503953,43545470.92444958,-152010656.8249792,169850048.89100978,17121498.608435147
166.0,-147154381.92003176,153143680.47309595,-19.515518878643817,-13.054542150724718,-143519340.74983928,42210445.96667314,-143162942.279208,42354471.97172673,-152785806.45969096,169153114.78391954,16971002.60145085
166.5,-147995548.15085125,152577748.83459234,-19.427315145541854,-13.145902196345192,-143877081.79970083,40974482.92262037,-143539561.24263254,41158448.227926336,-153557760.848235,168452643.137222,16821131.924178004
167.0,-148832897.90702766,152007882.67769885,-19.338830746260324,-13.236695966548211,-144224179.16893184,39735488.68482379,-143909994.1882723,39956963.644871086,-154326503.8465442,167748648.60004857,16671875.0607392
167.5,-149666419.12947267,151434106.44130757,-19.250068717157706,-13.326924582305876,-144560607.18010336,38493554.91109855,-144273907.2437461,38749614.487159945,-155092019.37771216,167041145.8952056,16523220.587077616
168.0,-150496099.88963848,150856444.51584288,-19.161032065465186,-13.41658916650393,-144886340.9450799,37248773.4767197,-144630912.5235892,37536035.86808824,-155854291.43232924,166330149.81886655,16375157.172161292
168.5,-151321928.38826576,150274921.24318305,-19.071723769558,-13.505690843712493,-145201356.3668606,36001236.467625156,-144980572.92523107,36315907.77534516,-156613304.06881723,165615675.24026284,16227673.579156412
169.0,-152143892.95414212,149689560.9165925,-18.982146779225534,-13.59423073996126,-145505630.14136186,34751036.17360384,-145322407.58537787,35088960.50681868,-157369041.41376314,164897737.10137233,16080758.666567445
169.5,-152961982.0428738,149100387.78066388,-18.892304015939995,-13.682209982518824,-145799139.7591413,33498265.081468012,-145655897.92476013,33854979.44462587,-158121487.66225094,164176350.4166073,15934401.389344567
170.0,-153776184.23566738,148507426.03126895,-18.802198373123808,-13.769629699676166,-146081863.50706297,32243015.868211467,-145980494.20143443,32613809.104229048,-158870627.07819182,163451530.27250037,15788590.799958657
170.5,-154586488.23812473,147910699.81551886,-18.711832716415493,-13.8564910205342,-146353780.46990374,30985381.39415325,-146295622.48611152,31365356.40507005,-159616443.99465385,162723291.8273888,15643316.049442763
171.0,-155392882.8790476,147310233.23173398,-18.62120988393434,-13.94279507479528,-146614870.53190035,29725454.69606846,-146600691.96740726,30109593.1194381,-160358922.81418923,161991650.31109753,15498566.388400229
171.5,-156195357.10925493,146706050.32942218,-18.530332686543474,-14.028542992558599,-146865114.37823763,28463328.98030535,-146895102.49055684,28846557.467137337,-161098048.00916052,161256621.02462092,15354331.167979723
172.0,-156993900.00041083,146098175.1092662,-18.439203908111672,-14.1137359041194,-147104493.49647748,27199097.615890287,-147178252.2300464,27576354.834803738,-161833804.1220653,160518219.33980265,15210599.840816138
172.5,-157788500.74386424,145486631.52311933,-18.34782630577361,-14.198374939771865,-147332990.17792818,25932854.127620257,-147449545.39484826,26299157.610280074,-162566175.76586008,159776460.69901374,15067361.961937666
173.0,-158579148.64949945,144871443.4740095,-18.256202610188815,-14.282461229615716,-147550587.51895458,24664692.18914454,-147708399.86451378,25015204.134146567,-163295147.62428108,159031360.61483046,14924607.18964008
173.5,-159365833.14459828,144252634.8161521,-18.16433552579911,-14.365995903366265,-147757269.4222284,23394705.61603468,-147954254.65529037,23724796.78216234,-164020704.45216504,158282934.6697095,14782325.286325602
174.0,-160148543.77271235,143630229.35497037,-18.072227731084563,-14.44898009016801,-147953020.59791937,22122988.358844362,-148186577.11767438,22428299.20385307,-164742831.0757685,157531198.51566166,14640506.119308626
174.5,-160927270.1925476,143004250.84712437,-17.97988187881809,-14.531414918411588,-148137826.5648261,20849634.49615893,-148404869.7703552,21126132.75362315,-165461512.39308432,156776167.87392527,14499139.661587398
175.0,-161702002.17685896,142374723.00054702,-17.887300596318546,-14.613301515554026,-148311673.6514474,19574738.227636077,-148608676.68031043,19818772.16143663,-166176733.37415785,156017858.53463712,14358215.992581805
175.5,-162472729.61135653,141741669.47448844,-17.79448648570233,-14.694641007942193,-148474548.99699375,18298393.86703687,-148797589.30480313,18506740.500152,-166888479.06140152,155256286.356502,14217725.29883661
176.0,-163239442.49362186,141105113.8795677,-17.701442124133603,-14.775434520639404,-148626440.55233866,17020695.83524879,-148971251.71813828,17190603.515887152,-167596734.5699073,154491467.26646116,14077657.87469115
176.5,-164002130.93203527,140465079.777832,-17.608170064073033,-14.855683177255052,-148767337.08091,15741738.653300697,-149129365.15416145,15870963.396201763,-168301485.08775797,153723417.25935963,13938004.122915534
177.0,-164760785.14471442,139821590.6828229,-17.514672833525033,-14.9353880997772,-148897228.15952125,14461616.935370158,-149271691.80451784,14548452.05830934,-169002715.8763372,152952152.39761108,13798754.555312106
177.5,-165515395.458463,139174670.0596503,-17.420952936283626,-15.014550408408004,-149016104.17914274,13180425.381784523,-149398057.8225189,13223724.0458712,-169700412.2706376,152177688.81086227,13659899.793283774
178.0,-166265952.30772987,138524341.32507262,-17.327012852176747,-15.093171221401965,-149123956.34561232,11898258.772014929,-149508355.49295363,11897449.128091687,-170394559.67956725,151400042.6956558,13521430.56836914
178.5,-167012446.2335794,137870627.8475847,-17.232855037309243,-15.171251654906834,-149220776.68028593,10615211.957664903,-149602544.5391981,10570304.69876824,-171085143.58625516,150619230.3150911,13383337.722743258
179.0,-167754867.8826714,137213552.94751215,-17.138481924304312,-15.248792822807108,-149306558.020628,9331379.85545319,-149680652.55036798,9242968.075589659,-171772149.54835474,149835267.99848443,13245612.20968574
179.5,-168493208.0062522,136553139.89711246,-17.043895922543616,-15.325795836570034,-149381294.0207412,8046857.4401924405,-149742774.52288008,7916108.80129543,-172455563.19834563,149048172.1410277,13108245.094015868
180.0,-169227457.4591558,135889411.92068264,-16.949099418405886,-15.402261805093989,-149444979.15183592,6761739.737762939,-149789071.52248552,6590381.048281703,-173135370.2438345,148257959.20344496,12971227.55249411
180.5,-169957607.19881508,135222392.1946734,-16.85409477550413,-15.478191834559192,-149497608.70263922,5476121.818082951,-149819768.48445016,5266416.226875825,-173811556.46785387,147464645.7116486,12834550.874191778
181.0,-170683648.28428346,134552103.84781012,-16.75888433492152,-15.553587028280578,-149539178.7797435,4190098.78807541,-149835151.18094176,3944815.8948094132,-174484107.72915912,146668248.25639394,12698206.460827513
181.5,-171405571.87526685,133878569.96121892,-16.66347041544581,-15.628448486562776,-149569686.30789432,2903765.7846325394,-149835562.39567992,2626145.0614438416,-175153009.96252468,145868783.49293151,12562185.82707223
182.0,-172123369.23116523,133201813.56856078,-16.567855313802372,-15.70277730655711,-149589129.03021815,1617217.967577585,-149821397.3563748,1310925.97508612,-175818249.17903802,145066268.14065945,12426480.600821195
182.5,-172837031.71012494,132521857.65617049,-16.472041304885988,-15.77657458212037,-149597505.50838915,330550.5126252533,-149793098.48528084,-367.5246447706595,-176479811.46639195,144260718.98277354,12291082.52343485
183.0,-173546550.76810038,131838725.16320162,-16.376030641991218,-15.84984140367542,-149594815.12273553,-956141.3956594242,-149751149.53719875,-1307315.0149055743,-177137682.98917577,143452152.8659165,12155983.449948883
183.5,-174251917.95792565,131152438.98177825,-16.279825557041477,-15.922578858073418,-149581058.0722856,-2242762.570902218,-149696069.20234632,-2609553.7921196194,-177791849.989165,142640586.6998248,12021175.349251539
184.0,-174953124.92839646,130463021.95715205,-16.18342826081683,-15.99478802845748,-149556235.37475285,-3529217.831961626,-149628404.25858617,-3906782.4121413017,-178442298.7856084,141826037.45697635,11886650.304231996
184.5,-175650163.42336172,129770496.8878655,-16.086840943180487,-16.066469994127797,-149520348.86646083,-4815412.009970011,-149548722.3634495,-5198763.421430349,-179089015.7755143,141008522.17223465,11752400.51189653
185.0,-176343025.28082478,129074886.52592069,-15.990065773304142,-16.137625830407906,-149473401.2022071,-6101249.955374232,-149457604.58115128,-6485325.243258285,-179731987.4339356,140188057.9424924,11618418.283455111
185.5,-177031702.43205392,128376213.57695399,-15.893104899892057,-16.208256608512038,-149415395.85506698,-7386636.54497418,-149355637.7432911,-7766363.194127204,-180371200.31425196,139364661.92631468,11484696.044378921
186.0,-177716186.90070382,127674500.70041645,-15.795960451403912,-16.27836339541343,-149346337.11613667,-8671476.688960033,-149243406.74413064,-9041839.617070688,-181006641.04845122,138538351.3435797,11351226.334426906
186.5,-178396470.8019451,126969770.50975992,-15.698634536276654,-16.347947253713333,-149266230.0942156,-9955675.337946694,-149121486.87220013,-10311783.130167784,-181638296.3474091,137709143.47511858,11218001.807643795
187.0,-179072546.3416043,126262045.57262862,-15.601129243145134,-16.41700924151062,-149175080.71542874,-11239137.490005268,-148990436.27950847,-11576287.000287704,-182266153.00116712,136877055.66235396,11085015.232329404
187.5,-179744405.81531325,125551348.41105644,-15.503446641061739,-16.485550412271785,-149072895.72278792,-12521768.197691323,-148850788.68780997,-12835506.66363598,-182890197.87920856,136042105.30693772,10952259.490979357
188.0,-180412041.60766786,124837701.50166993,-15.40558877971503,-16.553571814701073,-148959682.67569333,-13803472.575068489,-148703046.42825258,-14089656.425939802,-183510417.9307335,135204309.87038663,10819727.580197243
188.5,-181075446.19139618,124121127.2758969,-15.307557689647386,-16.621074492610596,-148835449.94937396,-15084155.804728145,-148547673.90632555,-15339005.385946963,-184126800.18493146,134363686.8737172,10687412.61057905
189.0,-181734612.12653598,123401648.12018041,-15.209355382471786,-16.688059484790244,-148700206.7342683,-16363723.144803666,-148385091.57840958,-16583872.636168346,-184739331.75125262,133520253.8970797,10555307.806570921
189.5,-182389532.05962193,122679286.3761986,-15.110983851087747,-16.75452782487694,-148553963.03534424,-17642079.93597945,-148215670.51947212,-17824621.804340933,-185347999.81967765,132674028.57938993,10423406.506298356
190.0,-183040198.7228815,121954064.34109029,-15.012445069896458,-16.82048054122321,-148396729.6713591,-18919131.608493187,-148039727.6536452,-19061655.007793814,-185952791.66098553,131825028.61796054,10291702.161369717
190.5,-183686604.93344054,121226004.26768586,-14.913740995015269,-16.88591865676457,-148228518.27405912,-20194783.68913219,-147857521.71066505,-20295406.300655648,-186553694.62701946,130973271.76813129,10160188.336653318
191.0,-184328743.59253815,120495128.36474434,-14.814873564491535,-16.950843188885603,-148049341.2873191,-21468941.808222137,-147669249.96156743,-21526334.700537626,-187150696.15095186,130118775.84289707,10028858.71002744
191.5,-184966607.6847506,119761458.79719615,-14.715844698515971,-17.015255149284148,-147859211.96622178,-22741511.706608586,-147475045.77673885,-22754916.886881806,-187743783.7475469,129261558.71253583,9897707.07210543
192.0,-185600190.27722436,119025017.68639159,-14.616656299635508,-17.07915554383347,-147658144.37607723,-24012399.242629655,-147274977.03856295,-23981639.667498976,-188332945.0134215,128401638.30423488,9766727.32593532
192.5,-186229484.51891905,118285827.11035556,-14.517310252965906,-17.142545372441745,-147446153.3913825,-25281510.399080645,-147069045.42961347,-25206992.312883902,-188918167.62730503,127539032.6017156,9635913.48667347
193.0,-186854483.63985834,117543909.10404848,-14.417808426404116,-17.20542562890866,-147223254.6947209,-26548751.290169086,-146857186.6057804,-26431458.85963988,-189499439.35029685,126673759.64485763,9505259.681234097
193.5,-187475180.95039076,116799285.659633,-14.318152670840623,-17.26779730077832,-146989464.77560222,-27814028.16846044,-146639271.25202942,-27655510.48475398,-190076748.0261221,125805837.5293217,9374760.147914313
194.0,-188091569.84046018,116051978.72674787,-14.218344820371785,-17.329661369188265,-146744800.9292426,-29077247.43181291,-146415107.00683504,-28879598.05152673,-190650081.58138618,124935284.40617085,9244409.235993646
194.5,-188703643.7788843,115302010.2127878,-14.118386692512496,-17.391018808713614,-146489281.2552853,-30338315.63030218,-146184441.22985578,-30104144.92569519,-191219428.02582714,124062118.48149098,9114201.405310702
195.0,-189311396.3126432,114549401.98319058,-14.018280088409192,-17.451870587205978,-146222924.65646142,-31597139.47313454,-145946964.57628107,-31329540.156717513,-191784775.45256644,123186358.01601031,8984131.225815251
195.5,-189914821.06617668,113794175.86173086,-13.918026793053507,-17.512217665626153,-145945750.83719194,-32853625.83554824,-145702315.33062655,-32556132.114365328,-192346112.03835776,122308021.3247174,8854193.377096854
196.0,-190513911.7406911,113036353.6308219,-13.81762857549673,-17.57206099786991,-145657780.3021296,-34107681.765702926,-145450084.4427213,-33784222.664757155,-192903426.04383484,121427126.77647753,8724382.64788886
196.5,-191108662.1134753,112275957.03182454,-13.717087189065376,-17.631401530585908,-145359034.3546423,-35359214.49155557,-145189821.19935843,-35014061.96283981,-193456705.8137563,120543692.79364952,8594693.935550524
197.0,-191699066.03722638,111513007.76536418,-13.616404371578044,-17.690240202984548,-145049535.09523708,-36608131.4277238,-144921039.45668247,-36245843.93018566,-194005939.7772497,119657737.85170002,8465122.245524475
197.5,-192285117.439384,110747527.49165678,-13.515581845564,-17.748577946636892,-144729305.41992512,-37854340.18233503,-144643224.35098094,-37479702.47791991,-194551116.4480537,118769280.47881682,8335662.690770483
198.0,-192866810.32147476,109979537.83084318,-13.414621318483684,-17.806415685262095,-144398369.01852795,-39097748.56386159,-144355839.39922926,-38715708.52475272,-195092224.424758,117878339.25552168,8206310.491176596
198.5,-193444138.75846612,109209060.36333326,-13.31352448295167,-17.863754334502016,-144056750.37292498,-40338264.58794054,-144058333.89558893,-39953867.849588126,-195629252.3910418,116984932.814282,8077060.972946264
199.0,-194017096.89813,108436116.63015977,-13.21229301696238,-17.920594801681226,-143704474.75524232,-41575796.48417858,-143750150.50614977,-41194119.80716118,-196162189.1159106,116089079.83912061,7947909.567961323
199.5,-194585678.9604159,107660728.13334338,-13.110928584119135,-17.976937985550734,-143341568.22598338,-42810252.70294103,-143430732.96158808,-42436336.92375467,-196691023.45393115,115190799.06522526,7818851.813121117
200.0,-195149879.23683408,106882916.33626881,-13.009432833867052,-18.032784776013195,-142968057.63210067,-44041541.92212457,-143099533.7461184,-43680325.378424264,-197215744.3454641,114290109.27855714,7689883.349657583
200.5,-195709692.08984938,106102702.66407342,-12.907807401730421,-18.088136053827217,-142583970.60501006,-45269573.053912744,-142756021.6811655,-44925826.36346502,-197736340.81689587,113387029.31545739,7560999.922424409
201.0,-196265111.9522854,105320108.50404896,-12.806053909555283,-18.14299269028814,-142189335.55854645,-46494255.25151459,-142399689.30357122,-46172518.306240894,-198252801.98086777,112481578.06225352,7432197.37916159
201.5,-196816133.32673788,104535155.20605774,-12.704173965758018,-18.19735554688208,-141784181.6868619,-47715497.915885225,-142030059.94086617,-47420019.923121266,-198765117.03650364,111573774.45486465,7303471.669734021
202.0,-197362750.78500116,103747864.08296461,-12.602169165580817,-18.25122547490985,-141368538.96226582,-48933210.702428326,-141646694.39013323,-48667894.06527962,-199273275.2696361,110663637.47840498,7174818.8453417
202.5,-197904958.96750382,102958256.41108549,-12.500041091355184,-18.304603315076598,-140942438.13300776,-50147303.52767928,-141249197.112228,-49915652.30564977,-199777266.0530303,109751186.16678703,7046235.057703378
203.0,-198442752.58275744,102166353.43065457,-12.397791312774626,-18.35748989704262,-140505910.72100276,-51357686.57596954,-140837221.85951796,-51162760.20654826,-200277078.84660622,108836439.60232379,6917716.558210398
203.5,-198976126.4068163,101372176.34631233,-12.295421387177878,-18.409886038930054,-140058989.0194993,-52564270.3060709,-140410476.6627853,-52408643.198479526,-200772703.1976592,107919416.9153292,6789259.697049136
204.0,-199505075.2827502,100575746.3276151,-12.192932859844325,-18.46179254677912,-139601706.09069046,-53766965.45781979,-139968728.11140004,-53652692.992570035,-201264128.74107853,107000137.28371832,6660860.922292083
204.5,-200029594.12013015,99777084.50956999,-12.090327264303486,-18.513210213947218,-139134095.76326805,-54965683.05872007,-139511804.8702036,-54894274.44202757,-201751345.199564,106078619.9326064,6532516.778953908
205.0,-200549677.89452755,98976211.993197,-11.98760612266066,-18.564139820442193,-138656192.62991995,-56160334.43052536,-139039600.38662267,-56132732.762094215,-202234342.3838412,105154884.13390648,6404223.908010552
205.5,-201065321.64702803,98173149.84612118,-11.8847709459412,-18.61458213218061,-138168032.04477102,-57350831.19579913,-138552074.75222751,-57367401.01322347,-202713110.19287428,104228949.20592651,6275979.045379356
206.0,-201576520.48376116,97367919.10319917,-11.781823234456429,-18.66453790015967,-137669650.1207679,-58537085.28445256,-138049255.69411594,-58597607.74873742,-203187638.6140774,103300834.51296549,6147779.020855928
206.5,-202083269.5754451,96560540.76718329,-11.678764478194436,-18.71400785952975,-137161083.7270071,-59719008.94026007,-137531238.68299383,-59822684.72604666,-203657917.7235239,102370559.4649085,6019620.757004929
207.0,-202585564.15695012,95751035.8094282,-11.575596157239861,-18.762992728552547,-136642370.48600793,-60896514.72735089,-136998186.15649176,-61041974.57967495,-204123937.68615434,101438143.51682009,5891501.267998884
207.5,-203083399.5268806,94939425.17064518,-11.47231974222733,-18.811493207426373,-136113548.77092895,-62069515.536677614,-136450325.86793756,-62254838.35483678,-204585688.75598145,100503606.16853851,5763417.658402841
208.0,-203576771.04717636,94125729.76171099,-11.368936694833994,-18.85950997695769,-135574657.70272937,-63237924.5924602,-135887948.38235757,-63460662.80215513,-205043161.2762945,99566966.96426727,5635367.121895047
208.5,-204065674.14273864,93309970.46453707,-11.265448468317848,-18.907043697053545,-135025737.14727485,-64401655.45860569,-135311403.75273922,-64658867.33726308,-205496345.67986113,98628245.49216631,5507346.939919187
209.0,-204550104.3010774,92492168.13300869,-11.161856508109507,-18.954095005004906,-134466827.71238852,-65560622.04510217,-134721097.4204142,-65848910.57345618,-205945232.4891274,97687461.38394254,5379354.480259742
209.5,-205030057.07198817,91672343.5940036,-11.058162252466841,-19.000664513525134,-133897970.74484678,-66714738.61438771,-134117485.39366698,-67030296.34120381,-206389812.31641585,96744634.31443955,5251387.195529311
210.0,-205505528.06725723,90850517.64850114,-10.954367133203624,-19.046752808500212,-133319208.32732053,-67863919.78769296,-133501068.76820594,-68202579.11510174,-206830075.86412215,95799784.00122559,5123442.621557315
210.5,-205976512.96040028,90026711.0727956,-10.850472576505615,-19.092360446399525,-132730583.27526204,-69008080.55135748,-132872387.66182591,-69365368.77667598,-207266013.92490923,94852930.20418149,4995518.375666806
211.0,-206443007.48643932,89200944.61983046,-10.746480003850397,-19.13748795128383,-132132139.13373764,-70147136.26311849,-132232014.64332631,-70518334.65021682,-207697617.3819,93904092.72508769,4867612.154822172
211.5,-206905007.4417209,88373239.02067114,-10.642390833050712,-19.18213581133446,-131523920.17420626,-71281002.6583727,-131580547.74242805,-71661208.7584254,-208124877.20886797,92953291.40720959,4739721.733629091
212.0,-207362508.68378294,87543614.98614043,-10.538206479445515,-19.22630447481059,-130905971.39124438,-72409595.85640997,-130918603.13296571,-72793788.25495669,-208547784.4704261,92000546.1348828,4611844.962163463
212.5,-207815507.1312771,86712093.20864218,-10.433928357268329,-19.269994345319944,-130278338.49921736,-73532832.36661877,-130246807.58594567,-73915937.00181423,-208966330.32221344,91045876.83309759,4483979.763602275
213.0,-208263998.76395413,85878694.36420734,-10.329557881229652,-19.313205776261395,-129641067.92889774,-74650629.09466225,-129565790.79209961,-75027586.27084474,-209380506.01108038,90089303.46708167,4356124.131621315
213.5,-208707979.6227229,85043439.11480059,-10.225096468358865,-19.3559390642642,-128994206.82403034,-75762903.3486257,-128876177.65528554,-76128734.5601501,-209790302.87527156,89130846.04188286,4228276.127521433
214.0,-209147445.8097963,84206348.11093603,-10.120545540162393,-19.39819444140391,-128337803.0378446,-76869572.8451337,-128178580.65847294,-77219446.52792111,-210195712.34460694,88170524.60195106,4100433.877033032
214.5,-209582393.48893827,83367441.99466042,-10.01590652516974,-19.439972065919036,-127671905.1295147,-77970555.7154373,-127473592.40308957,-78299851.05785476,-210596725.94066116,87208359.23071851,3972595.5667379806
215.0,-210012818.88583016,82526741.4029763,-9.911180861957723,-19.481272011078673,-126996562.36056699,-79065770.51147059,-126761778.42021647,-79370138.48178528,-210993335.27694094,86244370.05017997,3844759.4400360454
215.5,-210438718.28858083,81684266.97179298,-9.806370002768384,-19.522094251755,-126311824.69123602,-80155136.21187584,-126043670.34852776,-80430556.9962889,-211385532.05906013,85278577.22047228,3716923.792564253
216.0,-210860088.0484081,80840039.34051833,-9.701475417868705,-19.562438648127177,-125617742.77676848,-81238572.22799738,-125319759.56902629,-81481408.3206683,-211773308.08491355,84311000.93945213,3589086.9669524757
216.5,-211276924.5805279,79994079.1574285,-9.59649860084429,-19.60230492577331,-124914367.96367583,-82315998.40984324,-124590491.38059358,-82523042.65374045,-212156655.24484825,83341661.44227394,3461247.3467749385
217.0,-211689224.36529708,79146407.0859933,-9.491441075077972,-19.641692651178793,-124201752.28593576,-83387335.05201474,-123856259.79322858,-83555852.99611261,-212535565.5218332,82370579.00096692,3333403.34951406
217.5,-212096983.9496669,78297043.81238104,-9.386304401744423,-19.680601201378565,-123479948.46114305,-84452502.89960253,-123117403.00769202,-84580268.91300982,-212910030.99162707,81397773.92401096,3205553.418305283
218.0,-212500199.94902244,77446010.05443086,-9.281090189762084,-19.71902972602348,-122749009.88660939,-85511423.15404992,-122374199.64120573,-85596749.82010715,-213280043.82294384,80423266.55591126,3077696.012165601
218.5,-212898869.04950547,76593326.57246813,-9.1758001082967,-19.75697709956702,-122008990.63541341,-86564017.47898209,-121626865.7490039,-86605777.8811176,-213645596.2776165,79447077.27677403,2949829.5943204607
219.0,-213292988.01094478,75739014.1824533,-9.07043590262636,-19.79444186043112,-121259945.45240024,-87610208.00600143,-120875552.68102065,-87607850.61101486,-214006680.71075892,78469226.5018796,2821952.618120142
219.5,-213682553.67056623,74883093.77211514,-8.96499941448586,-19.831422132814467,-120501929.75013183,-88649917.34044771,-120120345.80196857,-88603473.28265615,-214363289.57092598,77489734.68125534,2694063.509875342
220.0,-214067562.94770366,74025586.3209426,-8.859492608454092,-19.86791552507229,-119734999.60478756,-89683068.56712386,-119361264.09165876,-89593151.23716822,-214715415.40027106,76508622.29924834,2566160.647710573
220.5,-214448012.84981993,73166512.9252216,-8.753917606605127,-19.903918996043103,-118959211.75201592,-90709585.25598578,-118598260.63078736,-90577382.1997282,-215063050.83470246,75525909.87409674,2438242.335209861
221.0,-214823900.48025814,72305894.8297547,-8.648276734628189,-19.93942867686554,-118174623.58273718,-91729391.46779668,-117831223.9657181,-91556648.70230082,-215406188.604037,74541617.95750107,2310306.7681660634
221.5,-215195223.0483143,71443753.468555,-8.54257258412668,-19.974439629970135,-117381293.13889802,-92742411.75974457,-117059980.33418146,-92531410.71347897,-215744821.53215232,73555767.13419376,2182351.992067715
222.0,-215561977.88247275,70580110.51778205,-8.436808098155606,-20.008945517776088,-116579279.10917749,-93748571.19102356,-116284296.72243854,-93502098.57284093,-216078942.53713688,72568378.02150942,2054375.8469545671
222.5,-215924162.44802365,69714987.96566269,-8.330986690813555,-20.042938138977078,-115768640.82464547,-94747795.32837766,-115503884.71347854,-94469106.32321283,-216408544.6314381,71579471.26895301,1926375.894745818
223.0,-216281774.37087378,68848408.20643672,-8.22511241787117,-20.076406766237433,-114949438.25437343,-95740010.25160748,-114718405.0753679,-95432785.52897175,-216733620.9220084,70589067.55776818,1798349.3217809207
223.5,-216634811.47029746,67980394.1690267,-8.119190225845399,-20.109337178394743,-114121732.00099821,-96725142.55903818,-113927473.02909607,-96393439.6621025,-217054164.61044946,69597187.60050517,1670292.8055365852
224.0,-216983271.80491778,67110969.49714063,-8.013226325160586,-20.141710208983106,-113285583.29623856,-97703119.37294996,-113130664.1262854,-97351319.13022545,-217370168.99315432,68603852.14058705,1542202.3282853952
224.5,-217327153.73881933,66240158.80772928,-7.907228766159445,-20.17349950324493,-112441053.99636562,-98673868.34496915,-112327520.65908027,-98306617.01233052,-217681627.46144772,67609081.9518761,1414072.909935993
225.0,-217666456.03930935,65367988.072755545,-7.801208359607277,-20.20466792935252,-111588206.57762676,-99637317.66142046,-111517558.51749866,-99259465.55860756,-217988533.50172395,66612897.83823978,1285898.2136986735
225.5,-218001178.02634835,64494485.202563204,-7.695180208993667,-20.23516159630374,-110727104.13162367,-100593396.04863971,-110700274.40362135,-100209933.50067014,-218290880.6955836,65615320.63311497,1157669.9438709635
226.0,-218331319.8102465,63619680.97411278,-7.589166388774263,-20.26489938165175,-109857810.36064528,-101542032.77824615,-109875153.30727965,-101158024.20776622,-218588662.7199674,64616371.1990726,1029376.8880803939
226.5,-218656882.688581,62743610.58242504,-7.4832009122556995,-20.293753470006553,-108980389.57295495,-102483157.67237504,-109041676.14444749,-102103674.71339706,-218881873.34728843,63616070.42738169,901003.3171788985
227.0,-218977869.8504129,61866316.39735475,-7.377339656232475,-20.32151038348277,-108094906.67803332,-103416701.10886917,-108199327.45739605,-103046755.62526748,-219170506.4455627,62614439.23757167,772526.1431467113
227.5,-219294287.726841,60987853.26235138,-7.271682175702224,-20.34778506911544,-107201427.18177614,-104342594.02642943,-107347603.07485095,-103987071.91982594,-219454555.97853705,61611498.57699574,643909.4586815527
228.0,-219606148.8649761,60108299.80624582,-7.166426222665263,-20.371805314444202,-106300017.18164866,-105260767.92972355,-106486017.63092178,-104924364.61096732,-219734016.00581557,60607269.42039205,515092.88632992975
228.5,-219913479.01427683,59227786.46740263,-7.0620314825989245,-20.39176039680311,-105390743.36179566,-106171154.89445351,-105614111.84343572,-105858313.27092843,-220008880.68298376,59601772.76944544,385962.7346101216
229.0,-220216339.10292968,58346583.08936014,-6.959878021439503,-20.402155134647522,-104473672.98810856,-107073687.57238014,-104731459.4554868,-106788539.37014726,-220279144.26173082,58595029.652348384,256261.94144411632
229.5,-220514930.30082995,57465524.92211715,-6.866990514424741,-20.374369983193052,-103548873.9032488,-107968299.19630574,-103837673.74845706,-107714610.39204413,-220544801.08996972,57587061.12336075,125153.15520017187
229.92766107861095,-220768577.68342024,56720283.625831835,-7.013283485944616,-17.80760907178607,-102751792.06623538,-108727145.39226642,-103064106.29225735,-108503040.09508607,-220768363.8412057,56723966.923312195,3689.4998064167876
